ssc_percentage,hsc_percentage,cgpa,backlogs,branch,programming_skill,projects,internship,aptitude_score,communication_skills,mock_interviews,placed
66.8543053481313,58.330981797737884,6.30852841867953,0,ECE,3,1,0,91.2037440122165,2,6,0
92.78214378844623,74.38554263202612,6.234893995359999,1,EE,1,3,0,94.86042655998901,10,5,0
82.93972738151322,89.28256261443838,9.531272902605183,0,EE,5,3,0,55.917105345163144,4,1,1
76.93963178886665,82.95011988843025,6.247730999247531,0,ME,5,5,0,94.23718391139336,4,2,1
57.02083881990964,86.29525165376523,6.359748630643155,0,CE,6,4,0,59.239765284185935,1,0,0
57.01975341512912,79.64525150198227,8.796991312089819,1,EE,8,0,0,73.14028080733017,10,9,0
52.613762547568975,81.15244540330336,7.2486992122527,2,CE,10,5,1,43.030448249936924,8,4,1
88.97792655987209,88.21380432043937,8.883552784775906,0,CSE,1,0,1,42.632865302124614,1,8,1
77.0501755284444,61.235060398663364,5.326830787821926,0,CE,4,2,1,83.22239276393218,8,5,0
81.86326600082205,72.02412336394133,7.437855968366922,0,ECE,10,1,0,66.66879867866746,7,4,1
50.92630224331111,59.954424881882105,5.1680680009164135,0,ECE,1,4,0,55.37754252215305,9,2,0
93.64594334728974,94.44506035984912,5.3132660172767725,0,EE,9,5,1,51.424809761494615,8,4,1
87.45991883601897,92.4826702858976,9.532187266722055,0,CE,7,1,0,80.19720945155308,5,7,1
59.55525998052243,51.77420651158277,5.696226855587976,0,EE,7,4,1,40.02409264152039,8,1,0
58.18212352431953,81.75088276320598,7.662103411376085,0,ME,5,4,1,88.35347015181125,10,4,1
58.253202943404524,91.63617428370496,7.055478013003533,0,ECE,7,4,0,44.75497636779573,3,5,1
63.69090093317919,58.12589053073001,6.736716631294213,1,EE,2,1,1,51.489376894487165,10,9,0
73.6140394234507,75.55753537486832,9.499166728436363,0,ME,4,5,0,63.174183717945375,7,7,1
69.43752583889521,91.19697339146188,5.109116983877447,0,EE,7,3,0,69.09152438296621,4,7,1
63.10531130891189,51.527569036360944,8.318948430877946,1,CE,3,1,1,61.29970694883651,5,4,0
77.53338026250708,81.3839120261078,9.816972171067752,0,CE,2,4,0,59.242729899057636,9,8,1
56.277223729341884,63.38070533176479,7.80084091730921,0,CE,10,5,1,97.83496072439131,7,3,1
63.14650918408482,91.59782879194387,9.68411231016546,0,CE,2,2,0,78.49478087460366,4,8,1
66.48628294821613,93.69762103244155,5.261289396430119,0,CSE,1,0,0,41.40597732204329,6,10,0
70.52314928976662,92.49199201010452,7.093966595370807,0,ME,5,4,0,65.81055450665879,10,6,1
85.33291826268561,71.33963974958587,6.300788954810256,0,ME,6,2,1,92.50052198463821,7,5,1
58.985320197126185,88.7919192945191,8.654104824903648,3,CE,6,3,0,58.08737118464008,10,3,0
73.14054972861253,88.00472293407816,9.906485452486233,0,CSE,9,4,0,45.6733806864633,9,1,1
76.65865559879191,64.35952129594651,6.282650312221239,0,CE,4,2,1,85.50308629539506,4,7,1
52.0902685723999,87.30119633678048,8.270873007370373,0,CSE,1,4,0,76.36082991616487,10,5,1
77.33951833556472,51.665343562197165,5.990488163798701,0,CE,6,1,1,74.21875046959023,3,2,0
57.67358556592812,76.83214453169239,7.826651272858049,0,ECE,5,5,0,43.21459357644448,8,6,0
52.92732168433758,60.35039767794664,7.319662433441681,1,ECE,10,2,1,48.42994058773104,1,9,0
92.6998491764,55.425509859977545,9.860026648157685,0,EE,6,5,1,77.35296377278684,9,6,1
93.45344148835517,53.46289407331441,8.042636363482334,0,CE,3,1,0,52.46943048753015,1,5,1
86.37788066524075,81.33299491451629,6.747531860434094,0,ME,2,1,0,70.24420478490546,2,1,0
63.70761961280168,65.29437336956298,5.570478924439667,0,EE,6,5,1,72.69290116176361,8,7,0
54.39524513028727,82.61450471879427,5.756234143674673,4,ECE,1,2,0,57.01043141625637,9,0,0
80.79048619304706,52.94103533595241,6.126584649756175,0,CE,7,5,1,96.90550933248957,7,0,1
69.80686221828206,64.18806520237746,6.2548333067014905,0,EE,7,5,0,90.54784641013451,3,5,0
55.49172056801505,74.27710815689018,9.25308028920569,0,CE,10,0,0,83.3424104579679,7,4,1
72.28296095500716,85.58254241775336,7.806113941412624,3,ECE,7,2,0,44.679631984564544,6,8,0
51.54748345018483,64.34386263194315,7.616954556871832,0,EE,10,0,1,46.36780115854117,2,6,1
90.91941809354519,78.16511193966541,5.573844359346087,0,ECE,1,4,0,69.56688075189734,3,1,1
61.64509917200076,89.86899867062843,9.300698466747175,1,CSE,4,5,1,49.64280095145914,10,6,1
79.8135027959292,77.7138434682037,8.614071516042419,1,ECE,7,4,1,98.69592781176844,10,2,1
64.02699842402349,60.48317636391352,5.338341809500008,0,CE,9,2,0,49.511214041644564,5,0,0
73.40306095300149,51.09803517004421,8.539175486148842,0,ME,5,5,0,69.24807012783845,10,10,0
74.60196257044758,89.15444932554185,7.717691086713231,0,ECE,2,4,1,61.84726341049033,4,7,1
58.318450498648716,50.95712348826742,5.408626728733891,0,ME,7,3,0,78.36318528724587,2,2,0
93.63130824940514,89.36157527078898,7.291503207643283,0,CSE,10,1,1,47.742184533365496,4,10,1
84.88097705125016,73.80217103122453,7.423481435650235,0,EE,1,5,0,65.81898568254346,8,7,1
92.27745237038852,92.25804643308032,5.828872700816379,0,EE,7,1,0,56.482301968428615,5,6,1
90.26723076924421,85.94524560981495,9.728490735001412,0,ME,6,0,1,93.26509148030128,5,1,1
76.90549904649883,94.90703497400018,9.24987685740331,0,EE,7,4,0,42.43514272808171,10,0,1
91.48434057604027,65.78203169532696,8.345111686645541,3,ECE,10,0,0,94.82364964038756,3,6,0
53.98216259233638,84.52347300190071,7.311477805003036,0,ME,3,5,0,89.97964831318002,8,0,1
58.81922880886153,68.0868911124159,7.058827707922543,0,CE,3,1,0,57.854242986448924,6,5,0
52.035228000974215,71.59440291367589,8.25486733575477,0,ECE,7,1,0,87.35743928062628,2,10,1
64.63986488434689,78.23774584482666,7.727159347034528,3,ECE,2,4,1,41.872813620324855,2,9,1
67.49047803602669,89.31547013838525,5.311365529409428,0,ECE,1,5,0,98.01193301760361,9,10,0
62.210706429825315,94.28375611396828,7.562513243851658,0,CE,9,3,0,71.59569655538736,7,9,1
87.29318791183681,84.57230362390331,9.032018086164197,0,CSE,9,3,1,58.19686156392672,10,7,1
66.05389970121152,68.79950519753002,7.296199387984791,0,EE,7,4,0,61.754992755680625,9,6,0
62.642052935932135,68.96106510246815,5.259782887771342,0,ME,7,5,0,43.98432120762984,6,3,0
74.42132374212119,83.19120357150013,8.931390996920165,0,CSE,3,4,1,99.36097084252235,5,0,1
56.34159012386432,60.74497155957361,6.006818910679872,0,ME,10,5,1,42.35751670904155,1,0,1
86.09886413393178,54.97133509091276,6.293104174440193,3,EE,2,0,0,79.29442738887154,6,3,0
53.35477896558969,65.95799709383495,5.823531767161479,0,CE,7,4,1,66.56415566238749,6,4,0
94.40991214702328,62.92575462443368,6.651075324357487,0,ECE,9,5,0,96.9349730913229,3,6,1
84.75101461834959,63.33386542051956,8.783757528443175,1,ECE,1,3,1,54.75998441840771,3,3,1
58.94220566903776,60.51234879724595,7.5969292975196865,0,CE,4,5,0,71.92520943628068,3,9,1
50.24849527056211,51.89419353363628,6.024406370753563,0,CSE,6,5,0,68.94137251496518,3,0,0
86.69576428046753,50.80432706300362,9.389150390760204,0,CSE,7,4,0,82.17198664300608,7,10,0
81.80858047314277,94.44750753812141,9.397909274757646,0,ME,10,0,0,44.08061391714523,10,9,1
82.80532256184443,69.2497910181138,9.352892125230035,2,CE,7,0,0,51.62734780140129,2,6,0
84.70716560086757,67.29469912218568,6.193981056907696,3,CSE,10,0,1,52.87388920557099,10,1,0
53.33200932803407,80.58412772118814,7.25619672090494,0,CE,2,0,0,84.28904529050138,10,10,0
66.13095778449227,59.82142495392789,9.924948280704376,0,EE,4,2,0,51.348321779604404,2,1,1
55.21410767863084,92.74825327776014,8.860062381549952,3,ECE,5,4,0,74.40950583345861,3,7,1
88.83965416440171,85.38552564869984,5.135837106127799,1,ECE,1,1,0,52.91462923005722,10,9,0
78.04841570724011,54.023495104051676,5.32602295630246,2,ECE,1,4,1,91.69749700503871,7,9,0
64.89041111836922,68.79113491032177,7.319656884061664,0,CE,10,2,0,96.53112726937832,3,9,1
52.860125762871064,89.56032384029741,9.5461010293078,0,CE,3,0,0,71.10957849653443,7,4,1
63.9942044772048,92.51294100311347,7.693508989763571,1,ME,10,2,0,61.1385330525507,9,9,1
64.63324949120361,71.03306800624414,7.489062540171451,0,ECE,3,3,1,54.04346650104995,10,1,0
82.83227802521289,77.60351251448185,5.527368499783153,0,ME,8,3,0,42.986860091382624,4,4,0
78.69008621098459,57.51652757414338,8.28390052362147,0,ECE,9,4,0,56.11000457184972,7,7,1
89.9245734159347,94.60258817616395,9.110515803001128,0,ME,1,4,0,79.25414679671908,9,5,1
71.24967163228771,60.42522656225495,6.902100037537812,0,ME,2,1,0,72.01701587855266,8,2,0
55.38174106722358,92.42292983608066,8.878059254626638,0,EE,10,1,0,96.64247669685565,8,7,1
82.09601542503478,79.23409920465659,9.822383269504058,3,ME,2,3,1,63.776635749502034,9,8,1
84.23532718776039,77.34815576954867,6.018832295638445,0,CE,4,0,1,81.63180053970368,5,4,1
75.25747389062732,73.0709829957429,7.6166481559737065,1,ME,2,2,1,69.35936484850728,5,1,1
84.69352309795525,60.380141527299145,6.435689790422877,0,ECE,7,1,0,70.7545729554527,3,1,0
72.22080183639758,57.94376144024787,8.964272095169196,0,ME,9,5,0,56.066458876247054,5,6,0
73.52297732218973,59.92187940815789,7.887966829405787,3,CSE,7,1,0,67.29704661051998,8,0,0
69.23934582613474,58.38972179649146,8.172912087751518,0,ECE,6,0,1,68.24709982076243,5,9,1
51.143860703484286,85.0813013105039,8.98957079807947,0,CSE,10,0,0,82.39855130493603,4,1,1
54.8551142146987,65.75563666250285,6.979852363312275,0,ECE,1,4,1,96.43839995116683,8,9,1
51.41431335590304,52.60292044535284,9.575450342035216,0,CE,10,2,0,59.759276648950255,7,3,1
78.63846850687011,93.60961835633651,7.6651443362307,1,CE,9,0,0,42.5320281148779,6,0,1
64.1460191484347,89.77036482335416,5.7897741141767405,2,CE,5,1,0,69.77770753003838,5,3,0
72.88568110241162,91.74885274378458,8.479495590844012,0,CSE,5,1,0,72.66767992895012,5,10,1
90.84049132667418,94.77085201908959,8.966306752191272,0,EE,6,3,1,50.106433067914914,10,9,1
61.218150311699375,57.825286214876925,6.583808385337633,0,ECE,9,0,1,85.627876376564,2,4,1
68.46723153660334,67.83089085061964,9.285896284993765,1,CE,8,5,0,99.09574650648949,4,8,1
83.9998012344372,84.12073140668411,9.530716273828832,0,ECE,8,4,0,96.74648302050765,8,0,1
60.29591744712301,81.32092781242065,6.3845224368890445,0,CSE,8,2,1,51.82636232941913,8,4,1
53.464095942295685,56.92531578529348,9.91760736357611,0,EE,1,5,1,92.52179439404564,1,1,1
63.03881538111956,86.7124906245778,5.703557640243792,0,CSE,1,4,0,82.26961818470107,2,8,1
57.2549579264302,60.099825732649734,6.01007834201245,0,ECE,8,1,0,67.23079382841469,5,5,0
91.83639435541579,60.07179266701804,5.921124196190131,1,EE,5,5,0,72.43665965948375,9,1,0
86.36541708039877,74.16384903020361,9.469948550039351,0,EE,9,4,0,90.97601049894749,10,2,1
78.50316904296906,76.68229706787665,8.271462761624809,0,CSE,2,1,0,68.8080963783024,7,7,1
89.2157265584473,76.10387935270151,5.760521416111365,2,CE,9,1,0,62.392442146307616,10,0,0
86.16524346046015,54.11690768289897,7.2016170918417455,1,ECE,8,1,0,69.59484958155915,5,2,0
58.395652649871614,89.48573881836711,8.076490125349011,0,ME,9,1,0,74.74778824210296,1,9,1
90.165154932049,61.952001916491774,5.417320424946917,0,ME,4,1,0,51.34465922670093,6,0,0
74.27040088620429,55.828171457726185,9.412081842036693,0,CSE,1,3,1,94.05446381601945,8,10,1
86.33480698238282,89.99366359410396,9.018017677207677,0,ECE,1,5,1,80.45121692977682,7,10,1
90.32410849655719,93.00431742033891,7.526033867883191,0,ECE,5,4,0,77.99613504024933,2,7,1
64.31015637373388,88.79574277694527,9.835633076295853,0,CSE,2,3,1,45.969773570838285,5,0,1
54.95233660374545,86.42822336261952,7.088804896375498,0,ECE,8,3,1,76.25043629035551,4,4,1
60.257082314387375,79.48588912875599,9.920551595182488,1,CE,10,0,0,47.25763973430954,9,3,0
69.21985048818154,74.78858167741127,8.339599994018135,0,CSE,5,0,0,44.721860511723946,10,6,0
86.8106644665122,53.91440419601346,8.173356366269708,0,CE,5,0,1,71.6386537385436,1,4,0
88.73287624653545,68.38039458818145,5.829774476478925,0,ECE,2,2,1,64.1671320427897,6,7,0
50.31284587390358,66.77098326555412,9.40963879152322,3,CSE,7,0,1,75.3286162093734,3,10,1
72.98362861599045,61.68892026921468,7.137448439603076,1,ECE,8,4,1,45.353330083434315,9,0,1
68.78349514169506,82.55390511598632,5.811167028912397,1,CSE,10,3,1,65.85898377083551,5,4,1
59.99485147118286,72.31440807854469,5.063037599878795,1,ECE,1,4,0,50.48720290270948,6,3,0
55.393941530015724,53.64707971584416,7.798778418191913,3,CE,2,5,0,99.226005155447,9,2,0
65.19268271316326,59.90824408774151,7.636998110613382,0,CE,10,0,0,73.66901274611047,9,4,1
92.43093667606337,80.74664436468181,8.596768111845794,0,ECE,4,2,0,81.24621165645203,8,9,0
64.54413194093398,53.42588867706351,9.45129026508901,0,CSE,5,5,1,59.525096840956465,9,2,1
73.34557797845147,88.30431113219458,5.397032923215147,1,ME,2,2,0,45.68433488676065,4,7,0
81.635853150283,72.28159371562884,8.657482451701812,1,CE,1,5,1,98.5522517670122,6,2,1
66.36333210706823,71.62639597969917,5.937059720487911,0,CE,9,3,0,57.17554212299099,5,0,1
93.73019372244323,76.6583503096783,9.29088526578582,0,ME,1,4,0,65.42849111041446,5,8,1
93.310128272395,87.11064346663171,9.09531756930828,0,ECE,4,1,0,78.9918353021545,4,8,1
61.330203312141386,65.65141435559869,7.703968774927722,2,CSE,2,4,0,41.481837861166674,2,5,0
72.37618276515735,80.51072686515786,8.551213993116558,0,ECE,4,0,1,88.61554783103722,6,9,1
63.53952394175464,75.4579383798106,6.571750565918742,0,EE,8,1,1,72.19469140171722,9,0,1
62.81782224698604,62.01627215762396,7.355839494664073,0,CE,8,2,1,56.69303122412933,1,7,1
51.659912630953976,89.53834938598212,9.108184488552357,0,EE,9,3,0,43.69647911754816,7,1,1
77.43039502909537,85.88417097231176,7.296325985866069,2,CE,5,3,0,49.749904928466485,6,8,0
72.62055604529877,79.63033255962915,6.788991326627209,0,CE,7,2,0,93.70203153120622,3,7,1
52.31654380624952,88.27617780924089,7.4710622362515,1,EE,3,0,0,81.16145343615347,1,2,0
62.539090890647515,89.0282390431911,9.141246262186092,0,EE,10,2,1,54.99410329821339,4,4,1
90.87196486849942,81.87633395217657,6.676040236854364,0,ECE,4,5,1,43.93604589670177,9,8,1
60.780285080013755,87.66559977636524,5.868807965678719,0,EE,10,0,1,81.43691874319818,2,0,1
56.52026924410504,81.38621577511776,8.560070101653903,1,ECE,9,1,0,74.34446355806591,3,8,1
72.02537421249033,80.60633472921351,9.12989106354041,0,ECE,10,2,1,64.2711714674941,2,3,1
94.35427043497702,77.83751201968329,5.503187392617667,0,ECE,10,0,0,61.81668695140383,2,3,0
60.89248721801752,83.87224878009386,6.199370563779723,0,CE,1,1,1,53.0088565557465,10,3,1
80.24609963326454,57.13722973818832,5.7098599488049695,3,CE,2,2,0,80.17667539225106,8,9,0
84.27288268979228,89.63918416395178,6.739707057910833,0,EE,5,3,0,98.24008166763224,3,8,0
60.693689479657984,89.23295874853544,7.251754894527063,1,CE,3,2,0,50.54291475020955,7,5,0
82.76973568753368,51.31612773655516,8.744131684816532,0,EE,2,4,1,75.82699720093021,8,10,1
66.5502409723664,87.16175377541433,8.25573792440837,0,CE,1,2,0,65.45110334475856,3,7,0
78.45376237671107,55.79914403630504,8.104642837392156,0,CSE,10,4,0,66.8013233046799,2,3,1
78.50883698424026,65.08034844166139,6.761874733048272,0,CSE,3,1,1,55.248836807668866,8,2,0
74.10986078336413,83.45787153312236,9.2072377654238,0,EE,1,2,0,89.50809253968515,3,0,1
54.063039652448374,57.23419532217387,7.356435836990823,0,CE,1,1,0,69.11533624883447,7,9,0
87.58861230151571,86.80851608535781,9.895524690075773,0,CE,1,1,0,72.60435113189584,1,6,1
64.43510292372811,87.44603800809838,8.170710691478684,2,ECE,8,0,0,58.285654767839546,6,3,1
58.393332967993445,72.83604801923764,5.631323707822514,0,ME,3,1,1,50.90850794001699,9,7,1
51.83488136996438,50.28736422725751,8.380887810377171,1,EE,1,1,1,45.15462329216923,3,2,0
76.59018244347088,62.916715992871076,6.625520077158495,0,ME,7,2,0,82.84714845549496,7,0,0
80.49039628290271,77.7617113269084,8.431635983430487,0,ME,10,2,1,51.77405690127134,6,4,1
50.74645230175353,94.15337801123405,5.348205740812029,0,EE,3,3,0,81.40452125132786,8,1,1
73.04418762346765,78.43160871575007,5.874407185879797,0,CE,8,0,0,63.42258676281723,3,2,0
60.19230988390721,61.69116114788719,9.278686294528931,0,EE,4,1,0,64.94648805937909,3,5,1
79.03277556842525,78.5302566394825,6.135897785117574,0,ME,4,0,0,68.1506497655663,4,2,0
57.846489305224615,74.29934208721349,9.1852056262147,0,CE,5,4,0,62.06251048765259,3,2,1
81.09219821461096,85.09304278180147,6.3963804422720525,0,CSE,6,1,1,46.0371986333554,9,5,1
67.40309058352418,54.814128747213125,8.214409550293539,2,EE,7,0,1,58.577908600170744,4,4,0
92.15284949315306,84.24625561259126,8.470752867549155,1,EE,4,3,0,79.8240616416363,6,9,1
56.1884424865697,74.35699604042496,7.563273765725265,0,CE,8,3,0,79.94706408813227,8,8,0
65.34798579726163,93.33464017365476,6.526553383483656,0,CSE,6,1,1,57.17345843439966,8,0,0
55.10630845582651,65.38424747174088,6.063221881855481,0,CSE,1,4,1,67.60615759346128,5,2,0
91.61121282253532,78.46798519102767,5.165946772812131,0,CE,1,3,1,51.60683368071625,5,2,0
89.48027090214416,91.94126474795078,6.519732006203619,0,ECE,9,3,0,52.62232489179014,6,10,1
61.607373247182004,54.61293775958057,8.265813952656416,0,EE,10,4,1,41.38282530439645,10,5,1
79.69928207153805,92.17528192564029,9.691524092242414,0,EE,6,0,0,93.80479299446468,7,7,1
86.77499900905471,80.9548575035366,9.35602241131526,0,ME,10,3,0,52.64239990449437,10,2,1
74.98403652197581,53.052667659732734,8.830323882676513,0,CE,8,2,0,53.652032616187796,7,2,0
73.83427602602029,63.54336051260673,8.942236716266493,1,ME,7,5,0,56.77608595870791,4,5,1
60.88335309052032,81.86774398903768,8.324924517379976,1,ME,6,5,0,47.64448430172574,6,7,1
54.18962455126547,53.03077706609473,6.3014342878300145,0,CSE,4,3,0,78.35577299088177,7,5,0
90.3747091078997,76.1976707079323,9.535975153529149,2,EE,7,0,0,44.508577190655195,5,9,0
90.51881257234987,65.56473756288305,8.35366155952917,3,ME,9,0,1,48.052145579581016,5,2,0
78.48956557729706,77.94119829953647,7.8022031549022,0,CSE,10,1,0,78.68540359540557,2,3,1
65.25634059719152,52.05839152156308,5.554947346067405,0,CE,10,2,0,60.379637228886565,7,0,0
65.71443085756974,89.21915627685694,7.235277719032127,0,ME,7,0,0,82.47686960207135,6,7,1
82.66800554916077,93.80700361298287,7.301791356009631,3,EE,1,4,1,73.44548468020852,1,3,1
90.36996169786596,93.59950348785611,9.32281804761335,2,ME,10,2,0,55.36127038369078,4,5,1
89.91888909193028,83.73433242843161,7.733241100938942,0,CE,9,5,0,79.04967702935969,3,10,1
85.09439956359307,55.85388080587844,6.902002744852048,0,ME,4,2,0,46.97642081757284,3,2,0
78.89142407694295,84.121843816806,9.884001642553297,0,EE,3,4,1,72.18462298480182,7,10,1
53.7862984247772,51.10641124064607,5.553602966631578,0,CSE,4,3,1,66.22888630270208,10,10,0
57.273292134257616,50.99555981880488,7.112742141559723,0,EE,4,4,0,56.07241496904645,4,5,0
90.43493848371857,64.56245986172935,5.210123375857027,2,CSE,10,4,0,76.24029986437,8,10,0
77.28930768468155,71.98894356820996,8.699520603834651,0,ECE,2,3,1,92.28001554041695,9,8,1
50.41386732274833,84.66833380135068,9.590382760995753,1,EE,1,3,0,99.9342819857846,3,8,0
54.56621942897144,80.74829194729273,6.400186647752447,2,EE,10,3,1,76.46576612460547,5,9,1
79.85757960986251,70.06562178695367,9.291708383995605,1,CE,1,3,0,64.28235245975021,4,2,1
50.22777127307984,62.313199982674966,6.461091152309489,0,ME,8,3,0,53.5124260129721,10,2,0
57.23636231378744,94.870602507097,9.553850808219575,0,CSE,2,4,0,55.4257653637067,6,3,1
74.69302052149638,69.17815860061879,8.76980951798392,0,CSE,10,1,0,68.76729868898593,10,6,1
81.13528389617119,70.3124160948354,9.024533884207193,0,CE,5,1,1,62.03666207684255,4,2,1
79.33825667761703,57.36307195362511,5.090032778002272,0,CE,4,0,1,94.82887135749665,8,9,0
60.09211892572519,85.76642969374683,9.814051785370129,0,ME,8,1,0,62.09772805934257,3,7,1
82.04806496063912,81.21570016016699,8.633354960351616,0,ME,2,5,1,62.40667546872613,5,10,1
60.676208937356,59.93463257549422,6.523755476930667,0,EE,10,1,0,63.01207074603862,1,7,0
64.64298641716705,53.70714705271292,9.146973324294235,0,ECE,9,4,0,90.19721262205948,6,5,1
83.59211323031109,80.62246859336209,6.40760599207465,0,ME,7,3,0,79.04729925081412,5,3,0
79.23348045712466,79.45300464265108,9.363769197830639,1,CE,7,3,1,76.85013101913356,8,10,1
88.215053472238,62.29667871491942,5.562901952059685,1,ME,1,4,1,60.04858134303173,9,10,0
79.59258015351546,92.78886030126847,8.518429887303979,0,CSE,2,5,1,89.07425060994638,8,4,1
75.57388715009623,56.79760513014051,7.703492383224551,0,ECE,4,1,1,42.301831681342065,8,1,1
54.21536455226416,69.45506604691708,5.482672350977204,0,EE,4,4,1,92.24783034028678,3,5,0
66.54721113767451,92.46271640754195,6.2094691412941945,0,CSE,3,0,1,70.76499398763578,4,2,0
61.93410654567764,68.8877292616755,5.062020181386574,0,CSE,7,3,1,63.89501409180477,4,5,1
60.97953395205876,78.73366764488385,7.34383982732253,2,ECE,8,2,1,69.83003684306114,5,4,1
93.78547496386005,67.89174790832574,6.506326303800002,0,EE,2,0,0,80.04493183202987,9,1,0
67.68939761000422,62.339684105690154,7.9917874214887945,0,CE,4,5,0,40.76592559107384,9,4,0
90.1420949829701,94.27899415819226,6.4861890385430865,0,EE,3,0,0,92.29311138749486,10,4,0
78.40123816987683,68.42003028417693,6.499595557534923,0,ME,2,4,0,66.80437151868357,1,8,0
85.76650865937418,90.23446416556105,8.715965993658017,0,CSE,6,1,0,60.577991182004695,8,10,1
72.61866918973365,60.34795726509888,5.240714179891767,0,ME,4,3,0,48.29473393804342,1,7,0
75.96067480818616,59.58971168112875,9.514474975959935,0,CE,6,5,1,66.36792246150652,2,6,1
72.16329622184887,51.40103372980301,9.261319371955906,0,ME,2,5,0,69.77936627706273,7,2,0
58.785934450912,79.32500714191482,8.339023416132033,0,EE,4,2,0,64.21880166960867,8,9,1
82.51034518676774,66.58368546756925,7.966107850536922,0,ME,6,0,0,80.71960562961382,1,3,1
62.63475630983851,88.89612124278366,9.461512490698262,0,CE,5,2,1,65.25379172555355,3,5,1
51.094218489415425,71.29444580112008,5.926650897643572,3,CE,3,1,0,97.6850546707944,7,2,0
79.04625331582255,93.56870425616248,5.394845810954143,0,CE,8,1,0,75.95665106941551,9,10,0
57.9699805733172,58.34864820664045,6.1975508495476905,0,EE,7,2,1,88.44867613911454,8,8,0
92.32063629588114,89.08804255800248,8.972891393500952,0,CE,3,3,1,46.56135418656873,8,7,1
92.92678596511644,84.94685837562838,5.173351333632416,0,CSE,6,1,0,63.83747757675434,9,5,0
91.16889755992018,84.69148300898235,7.914034175417449,0,CE,4,2,0,60.21086208682917,10,3,1
66.657141511495,88.01524526525995,9.97718758095655,0,ME,5,0,0,74.1689432881955,3,6,1
50.69554774379903,84.24607959243495,9.278480469187697,1,ME,5,2,1,91.66681120368554,8,10,1
91.77433531644763,78.17991447341369,7.607228445217947,0,ME,7,2,0,44.7002930657204,1,2,1
69.26828667427915,55.90601949570744,5.318204546433211,0,EE,5,4,0,44.35448788268265,8,9,0
93.49946685696513,51.46367807710634,9.156867571928549,0,ME,3,1,0,91.01906248945593,7,7,1
93.36289896901638,91.4381531517059,7.9948925408860525,2,EE,10,3,0,52.77100516230145,8,0,1
88.3854254960312,77.74926415343322,5.574664985297834,0,EE,5,3,1,80.12519526698883,1,2,1
63.25020014313135,85.84417809392794,5.469286424116781,0,CE,7,4,0,72.57268794164831,6,10,0
67.32939778708663,71.66850581806474,9.548134097182963,0,CSE,5,5,0,89.97361569323377,7,4,1
88.30115021825856,55.27886850330775,8.346001314690392,0,CE,5,3,0,47.50533459018421,5,4,0
64.2614902320325,55.63336064911477,9.146433996583777,0,CE,9,2,0,47.786977943356675,5,9,1
57.62717360087416,80.85043792530371,9.394894501411336,0,EE,3,4,0,73.40910161669845,7,1,1
75.05605681062576,69.36376527047582,7.858861760241611,0,EE,6,0,1,96.78271920150226,3,9,1
92.12696483723514,59.02361270151515,7.587231758775206,0,ME,1,1,1,64.89986550224526,6,7,1
81.32134085037379,72.12175460336466,7.152137051604951,0,ME,10,1,1,59.61652601528169,7,4,1
75.65275265402143,52.88940216838103,6.584732938955597,0,CE,5,1,1,76.40135939187314,1,6,1
54.37294221968458,76.18871308614794,7.172979804293559,2,ECE,8,2,1,95.82691603270186,2,6,1
77.67532520146264,62.1047031995794,8.869398278650781,0,ECE,5,0,0,90.21566997067742,4,4,0
94.55242325469185,85.89015952867346,8.009617155075658,0,ME,9,4,1,99.72901664399319,8,7,1
56.30378068564358,63.96628815156082,9.46261644977423,0,ECE,6,4,1,41.35411499214263,10,8,1
73.32483435636816,70.48490670868105,7.216900071895939,0,ME,8,1,1,46.771488682765735,6,3,1
89.48178823675799,50.52292429586453,8.03544789359377,1,EE,10,0,0,76.56806580199732,1,3,0
83.3345877989392,53.26010995075515,8.156537765459944,0,CE,8,0,0,89.23458636003099,10,7,1
81.36570834478707,67.66221003830081,7.958485811531627,0,CSE,3,0,1,57.11466053840599,5,0,1
81.61178377941991,71.59724756227055,8.51316886542758,0,CE,7,3,1,54.352665282053124,7,3,1
66.17710180488899,77.00092466536867,6.187167341874032,0,ME,7,3,1,87.21854796287205,6,5,1
63.2116329919022,63.12481604191865,7.561818887728953,0,ME,10,1,0,43.382911231193894,9,3,1
86.42125199653312,81.27418487569442,5.521124014041739,0,CE,6,0,0,62.16295885495511,8,5,0
86.45510276056314,88.70550787351421,6.922556638224062,0,ME,7,5,0,70.34855335553979,4,4,1
89.01825433610466,85.09329450020074,7.438335343106322,1,ECE,2,0,1,73.62092046101941,5,8,1
91.09582486504121,51.78284714067607,8.261121297727362,0,ECE,9,4,0,83.71690940756662,7,9,1
73.0104079487422,71.6228126266023,9.752655262931018,1,ME,10,4,0,61.29074340583949,8,8,1
72.56823326092399,54.72185802881787,8.00325533274178,1,ME,10,1,1,76.76106068047643,5,3,1
85.92328305350489,60.89202571381374,8.717969580882798,1,ECE,1,5,0,75.12252536745737,9,3,1
79.24837688499943,94.39981669702159,7.531330297476014,0,ME,1,0,1,72.85696603922483,10,7,1
81.58850947659666,56.4122994305681,8.170520156881658,0,ME,3,5,0,78.42899758853272,4,9,1
85.81067012462455,72.44996690531102,5.354661080668867,1,CE,3,1,1,55.56695026408458,4,3,0
90.05024038179047,77.81700804431536,6.271957904209235,0,CSE,1,4,0,45.07892521507774,8,1,0
65.2097820583191,81.61092367448468,6.8092654660256935,0,ECE,7,4,1,47.15630032238461,1,1,0
66.90123286879748,75.18419075691114,7.362466775032567,2,CE,4,3,1,53.47494295923406,8,0,0
54.22918729283911,50.439688133863264,5.228243727511918,2,CSE,10,1,0,70.01187613136712,5,4,0
76.02260634482784,64.69075887097964,5.700120487766588,0,ME,2,1,0,90.4265650327612,1,5,0
51.617402320853394,73.29702395231202,6.384071538956529,0,ME,10,0,0,82.07760052530304,4,8,0
70.9519108159607,53.9539924615175,9.857663454505253,0,CE,5,0,1,87.34243625212284,2,4,1
74.41900856184094,65.77821190441313,6.656735035515254,1,ME,6,3,1,61.05853743556548,4,5,0
62.8943563457728,51.4941398956115,7.4102052905604125,2,EE,9,2,0,64.27922449891301,8,5,0
76.58749672560549,53.536032371975935,5.9804885636919645,0,CE,4,5,1,63.62091315943677,5,2,1
51.37251124725722,67.86154742907182,8.053900355378842,0,CSE,2,2,0,51.51239106427009,1,3,0
51.68066849371465,55.972208931937715,6.403416077579871,2,CE,5,2,1,43.67299948861432,7,0,0
87.01702522968462,75.53933817177011,6.034962892192134,0,ECE,3,1,1,75.4549655696336,1,3,1
66.20857886350683,81.02592361117695,7.582863142229895,0,CE,2,5,0,99.35300100523517,9,0,1
55.717723069334816,86.02640145990873,5.027528995802104,3,ME,1,1,0,50.00978229701577,3,4,0
73.5009467024662,59.006760991016456,5.0383201632461265,0,ME,10,5,0,42.80108919395643,3,10,0
84.64970988943749,57.53671620165814,6.095344045509289,0,EE,2,4,0,86.77190090943597,6,10,0
59.71194623735794,54.70555281504801,5.183606812504106,0,EE,6,1,0,55.15516040108345,10,7,0
78.030071411855,78.63936122946365,5.540128770653457,0,EE,8,1,0,89.7786283211757,6,7,0
53.84063592471956,81.79140769191055,6.694303246693758,1,CSE,3,1,0,82.23620002207093,6,4,0
52.32567745258735,51.42137651715389,9.012928397899064,0,EE,9,3,0,96.74041222304828,1,9,1
73.91095842056666,92.12955108096604,7.860243216846504,4,CSE,9,1,0,64.53563414540032,5,1,1
74.32858047245479,52.33870776431626,7.563338629782082,0,EE,2,0,0,79.71819036703805,6,5,0
78.6843455674193,74.35833508854817,6.467444116040609,0,CSE,8,0,0,67.89128684879624,8,0,1
82.67411001751978,81.90772337529124,9.658768597164082,0,CE,10,5,1,77.83532183851261,1,6,1
93.91334357581405,89.19361056857386,6.985075206185958,0,CE,5,4,1,66.97593436046424,5,10,1
73.2335156735538,82.13391194595926,5.435463833978858,0,ME,4,3,0,51.31793478544449,3,3,0
64.53304128235607,86.07776373814063,8.085332580589007,0,CSE,10,5,0,70.47384496020285,2,4,0
85.78337876459167,65.27525866442627,5.5691919673830075,0,ECE,5,0,1,71.71505208624654,8,5,1
62.18745130679334,86.66713011859305,6.72611571400846,0,ME,4,3,1,88.63623089560966,7,10,1
69.75371393175362,53.60516808731038,7.537059693589044,1,CE,8,3,0,84.13124234761487,10,0,0
53.53053716040197,90.26674952272374,9.37111262342588,0,CSE,4,4,0,79.82749743648665,7,8,1
51.14078345369559,74.64165692691813,7.467732901700593,1,EE,10,3,0,46.80322573315435,5,9,0
93.31917866050662,86.77839964831222,8.511293830158321,0,ECE,6,1,0,83.23697743982291,9,3,1
87.61910542304926,70.3543228033235,9.964084194995351,0,CE,2,3,0,70.01830938127088,5,7,1
81.3188392742164,78.96099628384363,5.657445599489908,0,ME,5,4,0,93.64597216636955,2,4,0
68.40288249864214,73.6881197421251,6.373657627597598,0,CSE,6,5,1,95.19225604783256,3,10,1
57.79824440318806,82.92152847898993,6.972880377988232,0,ECE,5,4,0,43.309395436107124,4,7,0
57.03966692019887,53.67334919137653,7.109140892694157,1,CSE,2,4,0,89.23849362126873,5,0,0
61.26093041740679,52.71584377957537,7.055105376327729,1,EE,7,0,0,42.26184342536024,3,7,0
74.71519991177541,61.119645530456594,9.538055012782774,0,ME,4,1,0,62.03017754170136,7,10,1
82.1568165215028,57.179510605093476,8.570163222334282,0,CSE,8,0,0,72.53799853726474,5,10,0
79.7088819522979,89.23026049664907,8.039526070453519,1,CE,7,5,0,48.88604791762765,5,3,0
62.59702536256743,59.86462943111199,6.546863589313911,0,ME,7,2,1,84.7788287541446,6,1,1
92.96893762984374,93.91393651186091,9.118951921106474,1,CE,9,5,0,40.501282250328316,7,10,1
83.20536125130958,65.16031062969981,9.775302557424943,1,CSE,1,1,1,50.11594290604221,10,5,1
74.94593236301303,58.19530620599147,9.105991412751132,1,ME,10,3,1,74.84780979120853,10,1,1
77.52743358054585,85.53643282141155,5.007825525957364,0,CE,6,4,0,82.86325372223754,8,4,1
68.88200280925055,79.64184989753943,8.182006850917034,0,EE,6,2,0,94.99858616163496,9,1,1
61.14789452755208,72.41880724039126,5.255676907210503,0,EE,6,1,0,82.32979911607742,4,2,0
66.01877053930677,74.9913597921934,6.2880361016686095,0,CSE,6,0,1,80.30675621529195,5,10,1
84.10307497089661,82.36408002225187,5.297623501738858,1,ME,10,4,1,63.66046878103986,5,5,1
50.64770698833902,60.28046335990844,8.018977264746939,0,ECE,7,5,1,40.077065531608085,8,0,0
55.22326882281123,94.83502622255338,8.432949567463034,0,ME,10,0,0,47.209555524137315,9,5,1
52.070118890978875,93.86569229660523,5.5724381903295255,2,EE,6,1,1,72.07327268536235,7,2,0
51.832796104353655,79.26465588561216,6.919194415224897,1,CE,1,1,0,80.50779315066518,5,6,0
88.49572628049532,58.97941029181153,7.28118254477771,2,ECE,3,5,0,65.04689703378776,3,1,0
81.66460367210107,80.61027090940811,6.845265108804583,1,CSE,2,2,0,83.84074069170342,1,5,0
71.33782230892963,53.248928404062916,5.605125002425965,0,ECE,6,5,0,71.31173771993073,9,7,0
54.40253722929506,51.37936259926127,7.094738950937377,0,CSE,8,3,1,44.450571735658734,5,0,1
72.12271438025746,61.59572998300462,8.75589023904209,2,ECE,3,0,0,51.52097505807693,9,10,0
71.30622968512546,70.81803305326923,5.355038322666277,0,CSE,10,2,0,90.39989339463658,10,10,1
57.794084145950684,89.07226274337712,5.400900070409517,0,CSE,8,4,0,83.49476479746636,4,8,0
69.52332421570878,82.72260813948387,6.773856459179921,0,ECE,8,3,1,93.68571922074969,5,4,1
67.9327130478818,83.42179345399914,9.708628558094626,0,ECE,5,2,1,47.05343494725619,4,4,1
77.71325441234974,69.14720005016339,8.34286323361457,1,CSE,8,0,0,99.41335207690443,2,4,0
78.57921428904397,65.56707466461333,8.393349783362824,0,EE,6,1,0,52.56440283699602,1,5,0
52.038680439742,66.69674433430713,6.809599954189325,0,ECE,5,4,0,40.70679257719852,8,1,1
66.8575676581912,94.4442303681226,7.968303956042693,0,ME,9,5,1,99.84537634321325,4,5,1
78.16369620714065,51.80491361356171,5.050655920138717,0,CE,7,0,0,56.864433126706786,5,10,0
72.64113163610395,89.01641732551019,8.18048023204771,0,CSE,8,3,0,80.0811671507536,6,3,1
88.5420428534745,76.04039338575771,9.566434737881185,0,CSE,1,3,0,50.600938850578316,8,7,0
79.64121342285253,69.73769386353158,8.062867341724097,2,CE,2,1,0,74.8137119319485,8,10,0
57.33204921866434,82.63659471868115,9.368492967331726,0,EE,8,1,1,94.24209918727355,7,8,1
53.175593633019346,71.90010236411163,8.619865277330469,0,CE,9,4,0,59.210870045706315,4,8,0
78.9088675192842,89.30404571367472,5.602792082018452,0,ECE,4,5,0,80.21523856266155,6,7,1
51.19300897437298,90.53158388050663,9.512266536429209,0,CE,10,4,0,51.27421532790499,4,2,1
76.35990115730584,68.9774417093055,5.332219221778875,0,CSE,10,1,0,77.48772392312353,7,9,0
92.31036086412308,62.45725087557732,7.669837362738819,1,CE,9,1,1,60.187021109050605,1,10,1
75.89633800441456,76.6557647867013,5.710685618967288,0,ME,4,3,0,52.6724955152771,5,10,0
67.4676466792935,91.0563505527511,5.0585330536545206,1,ECE,10,1,1,58.79092304221811,10,3,0
78.9479698299059,59.479798505255,7.110171300638195,0,CE,10,2,1,50.73046411046796,10,0,1
70.62138007211826,78.03349626035673,6.475203538270781,0,CSE,10,0,0,94.11496647027298,4,8,0
74.55275551921707,78.42020990416343,7.430002468988015,0,ECE,9,1,0,63.83121317902773,7,4,0
92.36591639494364,82.99008600868764,7.885999433672755,3,CSE,7,4,0,54.71675829846204,9,5,1
67.37461870103485,55.920545830726695,5.218695361544737,0,EE,2,5,1,66.90447046095598,5,2,0
93.25357537207614,82.21212341069398,5.615016475618728,0,ME,9,5,0,59.23217000838973,4,10,1
90.74077888802287,90.90646342995385,7.793211982252126,0,EE,4,5,0,84.66515522879956,9,9,1
58.81060106551834,58.085739899160885,6.715836765863291,0,ME,8,2,0,98.27319471312967,5,7,1
53.121258539382445,60.6894496215745,8.64586743774724,0,CE,7,4,1,66.2820194018588,9,6,1
54.535010061984195,93.71277923187378,8.261458242959698,0,ECE,7,2,0,91.66200399833443,8,0,1
50.81998215431974,58.14396287192704,9.228021814949534,0,CE,8,1,0,73.95178441357717,4,9,1
54.24993323401678,88.44732920163106,8.462464133346126,0,ME,1,0,0,49.43413990565401,7,4,0
80.73530480373606,72.15250354016156,7.149655386950741,0,ME,5,5,0,81.4373645248805,5,9,1
53.20348918071031,61.125398348142966,8.364833111972162,1,ME,2,4,1,70.80606982754921,10,8,0
64.35390336321926,89.18374555726302,6.376905871277092,1,CSE,2,5,0,79.0363913951262,4,10,0
88.01938899362545,70.03873647511995,6.531567493891064,1,ECE,1,2,1,93.3812447542999,5,5,0
51.047237108112164,73.16678092683605,8.944925799603967,0,CE,5,3,1,66.42607423936276,5,7,1
86.65108171650212,66.16550162298945,7.232097582007911,0,CE,2,1,0,94.07065739304133,9,9,0
62.683464864803,76.68278831457174,8.991901702591763,0,EE,4,0,1,85.04014085689928,9,0,1
55.31741724297453,57.35857426632602,9.112111868341392,0,ME,3,1,0,69.3162955526791,6,9,0
81.35317244138677,67.59866914932923,9.28781168830642,0,ME,3,3,0,76.19332813947781,4,10,1
78.30242810509478,93.62355450508794,9.583176179206037,0,ME,2,0,1,59.53486795114068,2,6,1
89.48624060871738,61.61600447155074,7.154926102566481,0,CE,6,3,0,99.01583798432645,3,2,1
83.07819697117486,79.55314990435815,6.594334091605694,0,EE,2,1,1,80.04106978302376,2,8,0
86.15664186731819,64.63355289011128,7.910993732970569,2,CSE,8,2,0,42.63081114979779,5,5,0
62.69155576570879,84.80629065589703,6.855862117188138,0,ECE,8,1,1,59.59731434488053,6,4,1
57.984779470087524,55.889314732325744,8.005370834001164,0,CSE,5,1,0,77.39886602554344,5,7,0
83.77766382383862,93.6419470285345,8.527929313219122,0,CE,10,1,0,43.37999666795439,2,7,1
86.30756326702688,70.42052936226376,8.442025092460685,0,ME,7,4,0,41.43305147914857,5,2,1
94.5727313900303,60.62227085059088,6.872764435100606,0,ECE,4,3,1,67.00145437166816,9,1,1
68.56779546101419,53.30735362985057,5.834301008493764,2,CE,1,3,1,59.961410781560204,4,1,0
66.74081386067525,57.639105728939334,7.152646692311038,2,CE,2,5,0,66.29791648198996,10,4,0
84.93858323338986,73.38982768502079,5.712970720409544,0,CE,10,3,1,55.76159859280031,2,9,1
65.3361593113858,65.16514293940789,9.450485175919042,2,ECE,10,5,0,49.88306481657885,3,6,1
91.88407965216041,87.29975146471742,6.729387303689287,4,ECE,4,4,0,81.34860141882027,3,7,0
88.62857383293553,69.38993856478126,5.772298736116619,1,EE,1,2,1,70.87426697606803,9,9,0
69.30473123187582,61.19214226644335,5.1272387995287545,1,EE,8,5,1,52.00925267496201,4,7,1
83.78919805061739,77.77152439718135,8.22911193143242,0,CSE,9,1,1,59.1753655755999,1,7,1
83.95442933381071,81.80497475984507,8.184511587273716,0,ECE,4,2,1,75.50847445979956,1,9,1
54.64057409761697,57.516885855542746,6.703020832906459,0,ECE,10,4,0,44.33376089634867,7,10,0
90.6148808005805,57.542864732974294,5.358559444238255,0,ECE,3,3,1,48.84718055597077,7,2,1
72.73635676015357,51.65021421200943,7.04814447447616,4,EE,2,5,0,44.39473624644341,2,10,0
87.19058597484837,83.13809067795383,6.556087475316968,0,CE,5,1,0,88.73903996284713,9,1,1
64.40223204637753,79.87120374298124,8.385603198675046,1,ME,3,0,0,85.14455399272055,9,3,0
90.29854528232903,71.35838940874163,8.028896247263452,1,EE,10,0,0,85.19877591275542,5,0,0
67.51407554303734,87.98767020361387,6.8229686409877,2,ECE,7,2,0,82.97952060856169,3,2,0
50.48769431661343,86.2551568827524,6.089462771274951,4,EE,6,3,0,80.16312542019216,3,10,0
90.74218893886686,76.34094639785386,9.940179830777959,0,CSE,1,0,0,68.6195149226905,3,8,1
54.10790045537601,89.07220762309663,7.270008105980574,0,ECE,8,2,0,78.5366898104269,6,6,1
64.36911369156867,59.26285445165457,8.441371178901186,0,CSE,2,4,0,42.30169328727848,4,6,0
92.75278851728622,55.036382872897754,5.702764837891804,0,ECE,5,2,0,77.28786535940708,8,0,1
92.77732161219002,62.13873251826453,7.427948498296989,0,EE,9,2,0,86.67266233221264,5,6,1
75.80470496554787,52.56890852401917,5.137683599347327,0,CE,8,2,1,70.02150162306341,1,9,1
78.43267454764097,73.90262876004644,7.52727558955225,1,ME,2,1,1,61.45079970563422,9,6,1
70.18004848902439,92.14725615327328,9.82008703558851,0,CSE,9,2,1,56.64560408805875,1,3,1
63.1944847264129,51.770459330082936,6.921033564929001,0,EE,5,5,0,78.56812300972496,6,6,0
64.78990454164622,55.494946130451204,5.194980062874558,0,CE,10,2,1,81.56807191779453,1,7,1
80.26333052346672,70.34895627275459,5.1547789545967175,0,EE,6,1,0,92.25805599175256,3,2,0
83.8568538246956,92.02437578875572,6.939933799734348,0,CSE,3,1,0,60.54004494765944,10,9,1
85.62105696766318,64.22702472395378,5.80012468231597,1,ME,3,4,0,86.18633844313513,5,1,0
85.53281642575493,72.82556639097766,5.116760481640929,0,EE,10,3,1,73.68134945136028,10,6,1
54.10427463719107,51.87077865726764,8.781068069750884,1,ECE,8,0,0,92.97018944068475,7,4,0
72.24891371161617,56.675444043294,7.2926150444094535,0,CE,10,0,0,71.66872649773725,10,4,0
52.590144200748995,94.3983555331481,6.446223859863273,1,EE,10,2,0,71.05778970387803,8,4,0
74.7287997045681,93.43034133962205,9.500415915082403,0,CE,2,4,1,74.67262488645454,9,6,1
69.86887256180196,50.222299142048435,5.580694801002628,0,ECE,2,2,1,84.95892130854607,6,8,0
89.94668822412349,92.83153034404575,9.779594144776595,0,ME,5,0,0,97.88142872970766,9,10,1
65.79117556484354,78.76039720169751,6.569833586886764,2,ME,6,1,0,44.41380125294594,8,7,1
55.268015739242266,89.05632325340099,9.442018361543406,0,ECE,2,3,0,43.20607614346103,9,5,0
56.434625692377615,70.46329350352366,8.014714382397308,0,CE,5,4,1,96.25302024444031,10,6,1
84.26797842728625,73.20182128606626,9.133536798707437,4,EE,7,1,0,71.79253753109236,4,8,0
77.81981284923175,71.99809611156141,9.920065816052322,1,ECE,10,3,1,76.89418087401617,9,10,1
54.55052042552556,80.00889158957469,6.442027189093729,0,CSE,10,4,0,68.94541609568373,7,5,1
53.78480627517489,56.28430646403408,9.805677427037965,1,CE,8,4,1,45.61944715644847,5,0,1
81.5436109156604,51.34881154427051,6.947409474512102,0,ME,7,0,0,86.08536270511999,5,3,0
53.274335286388705,63.85684737160359,6.927559523684612,0,ECE,8,1,0,84.83347870531522,1,7,1
86.98370266806603,81.7106343231491,6.701935521272528,0,ME,9,4,0,58.70219928956872,2,6,1
81.78090022204233,59.083405345532675,7.707038036737925,2,CE,5,5,0,58.37435471370402,10,2,0
53.66069512888549,80.30445949962129,5.770725215892435,2,ME,5,4,0,90.2704828543311,3,9,0
53.81769713383363,93.64604207482716,7.768557426790056,0,ECE,10,3,1,44.341435464479595,8,2,1
94.3987810325529,54.22553221052382,7.70852406205002,0,CE,4,0,0,92.86630890139395,6,10,1
66.84218580902541,80.26709532013068,8.80950906302435,0,CSE,9,2,1,55.39970139375487,10,2,1
66.6788966180101,69.9687598687057,9.168249809687929,4,ECE,5,0,1,75.57908486532963,5,0,1
86.57598052658761,89.06640144698774,7.20220675156212,4,EE,2,2,0,96.15965074010666,1,9,0
92.62618598227364,57.97174052513237,6.511666246757469,0,ECE,10,1,1,80.68735009219878,9,0,0
94.37004787202919,81.16816785017741,6.296674486585472,1,CE,8,1,1,64.8657887480222,3,5,0
83.90201833665238,87.71518803416495,5.97311918352436,1,ECE,7,4,0,81.37205253432491,3,0,0
66.9316813488912,92.50763987633104,5.288237910995124,0,CSE,8,5,1,60.63877817898221,2,4,1
53.7575322514401,80.74616127303406,6.712239894173567,0,CSE,3,1,0,56.63550498095117,4,3,0
84.97161121673466,72.37286438037923,6.351238460653916,0,EE,4,4,0,99.80099667608079,2,4,1
75.12819123811123,77.80312580905462,9.832086929332036,0,ME,5,0,1,85.04741387078727,9,6,1
69.08999041611393,89.10072430154233,7.7885441312502195,0,CE,6,1,0,78.68319864290905,10,5,1
90.78594732926311,75.67743859874733,6.736385195152538,0,CE,1,0,0,61.31737859315913,7,8,0
55.003886703776814,51.36741768635766,7.90233800496848,3,ME,4,0,0,42.94964974930289,8,5,0
72.16812969308866,91.892691297814,5.695983506728478,0,CSE,10,5,1,41.86341256210934,3,8,1
50.51091401453386,81.02870379642025,7.220218746011015,0,CSE,5,1,1,73.25087532692793,6,3,1
71.08972888973568,80.4431023599761,8.131171607105319,0,ECE,7,0,0,85.72196326234307,10,0,1
52.53364740568268,59.70538185789727,7.4444891589622575,0,EE,5,5,1,72.2427514266313,6,0,0
55.34680623206324,79.64984616046958,7.008894003271621,0,EE,1,5,1,90.44710431634687,1,9,0
55.28868110496972,67.72389825443713,9.969241944498492,0,EE,7,1,0,42.0055919855933,6,6,0
79.21446359522287,79.30548396686714,9.401573810744635,0,ECE,8,5,0,62.0051245855564,3,2,1
83.57201956694405,54.796686363859585,8.1170297907972,0,EE,7,1,1,54.22422347045068,3,1,0
76.25159442937218,79.60303870713662,7.846886805911414,0,ME,4,1,1,66.83637808942731,3,5,1
93.29776468135438,94.97361765968,8.10330239912292,0,ECE,8,2,1,44.34258359164735,10,5,1
66.86917607856668,52.169541748725024,6.006560539112167,1,ME,5,0,0,97.24789849426435,10,6,0
62.85704388268373,93.97283828995927,6.975688716321593,0,ECE,10,3,0,53.395324064161656,8,4,1
89.08696076852571,68.31085823252917,5.197297664454497,0,EE,9,1,0,95.33846652901508,5,7,0
60.06181273337537,89.18390526517666,7.377730187434134,1,ME,10,0,0,65.5535893022009,4,6,0
93.3450142748275,85.2073467826223,7.715122919788316,0,ME,5,5,0,99.13144799531308,9,1,1
50.546951361041735,75.51573174440006,6.1387486805160485,0,ME,1,4,1,73.24350300761265,9,0,0
93.64454720184375,83.23021441630969,9.82014423582757,1,ECE,9,1,0,95.84997185054846,1,8,1
51.94219603777592,89.53320025856065,9.54727305468621,0,CE,5,5,1,40.32093932165337,2,4,1
90.1014401164132,68.18631447429648,8.61071617727953,0,EE,6,5,0,84.894328370854,8,10,1
73.7465499088835,64.71649227034574,7.666933143826813,1,ME,4,5,0,94.18303918615092,5,4,1
94.68341582536851,80.0417023503613,9.349845798238425,1,CE,6,5,0,48.38323401873724,7,9,1
53.32084541309295,86.35306738735665,5.653261719117315,3,EE,8,5,0,45.76755110392909,1,3,0
74.92344279805944,84.30283106494771,8.952548971374425,0,EE,3,1,0,65.47435643115733,10,1,0
93.61861410285945,85.90161419863855,5.6241040698342415,0,ME,5,3,1,96.0207343679761,5,4,1
73.5394029876567,69.601249166582,8.971053312747028,0,ME,2,2,1,72.54319361142632,3,1,1
78.32293871608681,86.80253972787597,6.378837841256785,0,ECE,2,5,0,71.64738782330393,10,6,0
81.30869100430778,55.40940749167738,9.385452905090943,0,CE,7,5,0,48.46756709795931,2,10,1
70.4543479145498,74.50200940823822,9.72021046912699,0,CE,10,2,1,40.04737066559313,2,8,1
78.24011360378286,50.25913972241547,5.743979847025578,2,ME,10,1,0,88.60840544472768,9,8,0
76.2941440365395,64.60636234551217,7.313378025326967,0,EE,10,0,0,45.25447377917429,4,10,1
90.55211047209451,66.4907690692129,9.904936890813426,0,ME,6,4,0,78.03098912411943,4,5,1
52.045087115365604,67.8277711224165,7.4170371798657335,0,EE,4,4,1,94.87698727091148,7,0,1
62.643343531650366,81.2960243010438,9.317737612572726,0,EE,5,0,0,52.51911478950586,10,5,0
92.76851678344514,67.48511455716556,7.943657610656599,0,ME,1,1,0,79.91637017421465,10,4,1
90.06187027509124,70.19121301801388,6.876649539598009,0,CSE,7,4,1,44.72191460245057,2,3,1
70.50455387535709,60.68948588934474,6.428917777629351,0,CE,8,2,0,76.22530863025678,3,5,0
77.90596690106915,66.7963306233203,6.016115455430437,0,EE,9,0,0,49.835903257192165,3,5,0
62.48215323415097,60.227133226841815,8.808990956888486,2,EE,8,3,0,84.15721363091069,6,5,1
58.465452187569255,53.29381656957997,6.93270253411514,2,CSE,5,1,1,58.07387768763449,3,1,1
70.86642822229919,77.15518670216201,7.5563773110037555,0,ECE,3,0,0,67.80346052827878,5,6,0
65.90085026117238,80.06957593497573,7.461627400005909,0,CSE,10,4,1,75.9658325216573,4,3,1
76.26452503328925,77.87706557043265,7.886395146165656,2,CSE,9,1,1,50.27640463997437,3,8,0
53.49805866342432,70.85723197102575,9.327885728122762,2,EE,6,2,0,84.49826911705725,8,9,1
93.84776634497749,67.09036010806534,9.903696717917146,0,CE,5,1,1,58.15842043820887,10,1,1
94.37948350158213,88.85001423073214,7.037921042869085,1,CSE,3,1,0,79.74231159476521,3,4,0
81.41727713088854,73.35868033112982,9.137594610531515,0,ECE,6,2,0,49.49698304196242,6,3,1
74.12433648548541,71.5631844933379,8.822638973273587,1,ME,3,5,0,81.28705955238101,7,8,1
63.92874273288475,51.15389296128961,7.8676447572778665,4,CSE,10,2,0,47.691284368627706,7,3,0
86.62077588681268,65.35615224317704,9.780235718059664,0,CSE,6,1,0,65.52138977619902,2,7,1
80.81290276492456,67.10880284536357,6.002372577642014,2,ECE,4,2,0,54.83236442433261,3,7,0
57.317762270520106,67.94702514036052,5.546321051548107,0,CE,2,5,0,84.90251496569095,10,5,0
90.99172330222291,76.10775661522996,9.26980983477711,3,CSE,8,0,1,55.722100270412476,10,5,0
87.01417593154261,74.01211460270953,7.195749083168741,0,CSE,4,2,0,92.90303838372378,4,10,0
92.74099609813658,77.35572917570501,9.234844271035303,1,CE,9,2,1,93.50921268439677,7,7,1
82.6573778774762,84.41974676939577,9.465451025977075,0,ECE,7,1,0,51.78647891336715,2,9,1
77.60368381711055,86.5843582422242,5.312287968095357,0,CSE,2,0,0,76.83075670046345,3,8,0
68.82093663307785,82.31553843019225,9.417323814930302,0,CE,4,3,0,45.26305850319786,7,4,1
91.9727817509306,92.99856631797206,7.241595276847111,3,CSE,5,3,0,63.49222597609775,7,10,0
88.97287502751837,50.82046622043627,7.552162445021161,1,ME,3,4,0,82.79930377007634,10,0,0
52.03484015477852,58.810009355759576,8.132962555466051,2,EE,9,2,1,79.56539481099497,3,0,0
51.18651385237634,50.3403293740164,9.631913033650434,3,ME,5,2,1,77.48204016439648,1,1,0
66.94085150951223,79.13636213695713,5.0955804721488205,0,CSE,2,0,1,56.952451819746614,3,9,0
86.47489988518248,90.41137470274941,7.3842173415890855,0,ECE,3,5,0,62.68149696606412,5,9,1
94.4274258191725,60.95670334593347,8.438610212152803,0,EE,9,3,1,46.17676868201717,7,4,1
56.76876009965877,91.71655451583379,8.613534788491142,0,ME,7,4,0,83.14136922601605,4,3,1
76.73588219084608,52.712032563030235,8.46266215768554,0,CE,2,0,0,70.23332780747641,1,0,0
67.14008854839597,92.04962120624813,5.672175647040609,0,ECE,9,2,1,82.52593794073928,6,3,1
93.64614790165714,65.82302092578355,6.496977941858406,0,ME,4,3,1,54.936611487812364,2,3,0
87.89535154110689,54.563937280214745,6.793577627085067,0,CE,9,4,0,59.46629371810397,3,9,0
87.7247917120012,71.86422916338465,9.022186038397525,0,CSE,2,1,0,60.05292023560688,4,3,1
71.09119219077365,61.55494554742286,6.393799362072765,0,CE,10,3,0,41.54454458483297,6,0,0
68.66687760519494,62.81928058828653,6.053524819336015,3,ME,4,4,1,60.46287236983741,6,8,0
62.30331823688178,63.828048421682894,9.78724009519048,1,ME,5,0,0,88.19827441108201,7,2,0
52.53689734929172,86.13616540246986,5.044316425567344,3,CSE,2,1,1,93.8379097449843,5,3,0
88.9125069314774,74.26225745038646,9.98910427840989,0,CE,10,4,0,71.09309893815565,7,4,1
86.58054541085349,64.00884646202016,8.384106494286979,0,CE,1,4,0,67.33010171315321,2,6,1
94.98729529787587,77.46502024899132,9.142346497245585,1,CSE,7,2,0,41.84947712196222,1,5,1
94.84865766832574,82.22678034004372,6.473096981730966,0,CE,10,5,0,92.75226025512296,10,4,1
74.99442675211824,62.26808003300902,5.0715763883353,0,CSE,1,3,0,40.780612805552366,8,7,0
84.60443368312298,68.60970956864082,8.68934759280765,0,ECE,8,2,1,96.6850048126127,1,0,1
92.51445784470926,55.484874200162636,9.17072298500338,0,ME,3,1,1,69.35297492128544,2,6,1
88.23413258048352,58.151720729060614,8.702380659767595,0,ECE,10,5,1,60.5160696144836,10,5,1
61.1306645784439,80.65030342842422,5.714251436504193,0,EE,6,4,1,95.4531060905596,6,10,1
70.2744860889542,58.16472564630321,8.767139611284845,0,EE,7,2,1,41.46345958660581,1,4,0
55.81217368181727,73.63235226501772,8.844613910538204,0,EE,10,5,0,74.88549369214522,10,6,1
92.9322962266425,81.90708177750948,8.292702578350275,0,CSE,1,3,1,72.93595146996026,3,2,1
77.27785855028961,54.809461539263474,8.83057966397793,1,CE,6,1,0,53.159224072682925,7,0,0
60.28892624765582,75.52904988330066,9.22960719838866,0,ECE,7,0,0,65.73324588101264,8,8,1
80.22653079826355,61.54532526656137,8.068020571187292,0,ECE,6,2,0,79.1358403566262,4,1,0
77.81577082060531,93.33170938569108,5.443023569848395,2,ECE,4,1,0,83.62787181291566,3,9,0
66.11732231147782,71.7595541023966,7.438139048336055,0,ECE,1,0,0,40.043011522394785,1,2,0
55.11009164898331,86.26966473988212,5.388246673358025,0,EE,9,2,1,96.21120580546092,9,7,0
80.22079380167598,74.76019439703178,7.037715155162154,0,ECE,4,1,0,49.87152234356874,10,9,0
73.4138465406707,51.95356397846686,7.035532445628139,0,CE,7,1,0,54.01482605334155,6,8,0
84.75432762810377,78.49181190173101,5.330049220701208,0,EE,7,5,0,55.80840674163089,6,2,1
73.4073575500397,92.81315039929956,6.744102669847397,1,ECE,2,2,0,42.26920819312212,9,5,0
88.3481675143343,77.0725319065849,5.554990493956574,0,CSE,1,1,0,47.383127415419494,1,6,0
74.83580774485185,86.86349867420556,9.041176050046111,0,ME,8,4,0,99.18099537664972,6,0,1
75.24220871909239,89.78929085067836,9.738440129822354,0,ME,8,2,0,58.913004242637165,5,6,1
89.44941211962552,60.26358973770196,5.361582376289693,0,ME,7,1,0,46.91806542034296,6,3,1
68.15672897955787,59.5420177958702,9.775576036458506,0,EE,8,5,1,46.4194756704774,8,4,1
56.03068528027883,77.49414449829463,7.612882996683726,0,ECE,3,0,1,83.16759806019832,5,7,1
51.29522043410025,68.49628114130171,6.497828389769369,0,EE,2,0,0,91.27411984195845,2,3,0
83.98117650531285,87.79375862900241,5.384310376380817,0,CE,7,4,0,55.41713797050819,2,3,0
77.91392981090591,90.5010405529105,7.503121340352089,0,CSE,8,2,0,41.2545707401141,10,7,1
81.68358956446505,65.90396206862232,8.972577722453742,0,CSE,1,5,1,53.385401106721346,5,4,1
59.58338726790098,60.65917515385169,8.53543238633349,1,ME,10,1,0,43.39094144780544,3,5,1
56.13671640140464,85.12364818597379,5.251130057319869,0,ME,9,1,0,46.20369619780249,10,10,0
50.654509955054685,62.36627159966612,5.364509176839517,0,ME,4,0,1,65.89048719085855,3,4,0
65.77644014629686,87.01764433311553,7.014366413163185,0,ECE,4,5,0,53.795102251697955,8,0,1
76.54629590845849,69.06822141419433,6.476452470239717,1,CE,3,4,0,70.95675271152541,7,6,0
67.65098202948795,80.03974546811617,6.161921615280239,0,CE,6,0,0,55.20962519543142,1,5,0
69.6863714910678,54.29908912256007,6.405022494543568,0,CE,1,0,1,96.43223806617686,5,1,0
90.68714125221868,78.07366961044579,9.017413716484423,1,CE,6,4,1,94.35663807557587,9,10,1
65.67149601604851,70.32954554317531,9.64614026815927,2,ME,2,2,1,74.00836630062796,4,6,1
73.12952701219149,76.39738084289634,7.025513472637832,0,CSE,9,1,0,61.26543951924317,1,5,0
85.26438557335143,57.560639348518855,9.530555010662486,0,ME,2,2,0,62.86881292208413,8,4,1
67.84442520445715,83.15931852248819,6.60747850623941,1,CE,7,5,1,64.71113698866982,5,7,1
77.9939015102543,88.82586848944528,7.3821849317189585,4,ME,1,3,1,83.65475932809665,2,4,0
88.80636689360352,59.7532910040849,6.130144989079999,2,CE,7,3,0,67.09833973113027,1,10,0
92.72842806459388,54.30715499840728,8.20238021087922,0,EE,5,3,1,91.40379679035385,3,1,1
56.618306641806704,51.06373637208514,9.894905575874045,0,CSE,8,4,0,96.64568715582188,9,5,1
91.69644313226725,78.88871751994697,8.017465480216893,0,EE,4,0,0,60.15676920273603,1,0,1
72.14523318857923,77.31923162399514,6.789070420567745,1,ECE,10,2,1,73.64166888254081,4,4,1
61.62099747345313,74.60138357213316,8.239087229952641,0,ME,7,1,0,45.70339220995387,8,5,1
70.66110903072176,60.43761932521889,5.614603392326938,0,ECE,6,3,1,52.028142865981536,8,6,1
94.10146588784647,67.59076981574816,9.443295401326992,1,ME,5,2,0,64.80794600260961,10,1,1
72.16781422967912,76.75143508337779,7.515419753899182,0,EE,4,3,0,52.37216295410673,8,0,1
64.79382246293787,72.35450864866263,7.24674871019821,2,CE,7,3,1,92.59362944732305,10,5,1
78.50303844425267,94.45034840966993,7.929323942267596,0,CE,5,1,1,49.497175363545885,8,2,0
60.806552845018686,56.13978886505299,8.123919313947013,0,ME,5,5,0,67.33964929318552,4,4,0
53.413849764889875,81.28150493214173,5.358879031132565,0,CE,1,5,0,76.34195442759254,8,10,0
55.79958748597922,68.19434456469315,8.413086106117012,1,EE,2,5,1,81.51183448965067,9,1,1
55.76206275309976,69.26898267165267,6.209658401577648,0,CE,5,4,0,62.9841621835904,7,0,0
56.83562120805325,82.29189945461793,8.569763162532949,0,EE,3,0,1,92.1459441234837,2,0,1
56.247222769223455,81.15962680959663,9.112673971920984,3,ECE,2,4,1,74.09914906467553,9,10,0
78.83936351614466,94.60651971659848,9.019792537762601,0,EE,4,2,0,66.3704668268531,8,3,1
58.184603797961515,55.77774302543563,7.762504837039446,0,CSE,4,4,0,44.034438043122194,5,9,0
65.55502774957384,54.68493422228749,7.600849461553755,0,CSE,4,2,0,67.8813681067099,3,1,0
90.35547844577053,82.59524677079335,5.714379806697059,0,CSE,4,2,1,89.24415044894381,7,0,1
71.32827381182926,76.0274112652884,8.876730752015678,0,ME,3,0,0,76.87246109327893,2,5,1
80.04009823344623,62.337229995191265,6.357046902233572,0,ME,7,1,0,89.9297472237471,3,3,0
57.75439420407334,53.5738716045044,7.483477114089733,0,ME,9,0,0,69.64070023595833,9,9,0
58.65300584639019,53.854621231839374,6.421370464637583,0,EE,5,5,0,47.10770230566891,4,6,0
51.83908773199155,90.23858935988532,5.669141814998466,0,ME,4,5,0,40.818390750152865,4,10,1
57.6020778382474,58.63402961234343,8.147788484458683,0,ECE,2,4,0,58.19317280311547,3,5,0
62.53656525643814,64.55172029519844,5.271660174114519,0,CSE,2,2,1,81.87942828986755,5,4,0
57.965471792453606,60.19953810021446,8.743226170631,0,EE,5,3,1,87.41559423650162,3,9,1
53.991614019067505,65.97483376243719,6.5879339763055835,0,CSE,7,3,1,57.74517007721977,9,1,0
55.42861419952703,53.124072923574204,5.000673465022427,0,ME,10,2,0,69.73923525299483,3,4,0
70.73504456147266,73.35769059087217,7.555645696186149,0,EE,10,0,0,65.2671342660449,2,8,1
59.285017328260665,53.04256536164967,5.234259542638016,1,CE,9,1,1,64.63136706108567,5,8,0
66.3921437471634,86.01604285200628,6.3808477891044975,0,ECE,7,0,0,53.88092279200903,6,1,0
72.65377718846855,60.51704368596948,8.534882437278581,2,ME,5,2,1,48.1822663017675,1,6,0
81.06776728832143,74.30053615720297,5.31344810810933,3,ME,10,2,1,51.80131349387278,6,9,0
51.76904629284945,89.60355894026563,9.196692461780012,0,ECE,10,1,0,43.319943229800764,10,3,0
85.97346795090692,79.28948160712373,5.019099613292916,0,ECE,10,4,1,51.88784450941462,3,2,1
78.25551752709084,73.9831003948101,6.2341193460095115,0,CE,6,4,1,40.552053857522765,4,10,0
53.679156437699234,64.59501889019191,8.704520280760358,1,ME,3,1,0,77.6355040381587,6,0,0
89.31103808480498,64.98508608761891,6.581350748646534,0,ME,5,4,0,58.98252444326097,8,2,0
91.43925802393159,80.12691298391856,5.509461940330068,0,CSE,8,3,0,98.38868268561453,9,10,0
52.748508193468865,94.73627125495254,6.80116959400214,0,EE,1,4,0,51.62302304657787,6,8,0
62.45949416662417,79.78276354322205,6.351966431922627,1,EE,1,4,0,60.74971421857563,7,8,0
86.27905759068776,75.10025378165112,9.213559510802774,1,CSE,7,4,0,61.470469518491996,5,6,1
83.67168606726463,82.87927296076607,6.566739587925715,0,EE,5,3,1,40.50708976374763,9,2,0
58.30344587103698,70.93425255276732,8.944662358880036,0,ECE,5,4,0,90.35247718236754,4,2,1
59.420719550151965,52.706405417035334,9.459360724053674,0,EE,1,5,0,41.91966760865948,10,3,0
66.67124462561219,75.30335671450594,7.169087097882647,0,EE,9,3,1,96.41079008375448,6,6,1
71.80353433359596,93.0931378027421,9.54971571927196,2,CSE,1,1,0,93.52446106561723,5,6,0
77.82146471886333,57.888632406094686,6.886590269815964,0,CE,5,0,1,72.13131496515781,1,1,1
66.60111378063976,81.05022008692995,9.82039208245054,0,EE,10,1,0,72.61573449467753,5,4,1
70.81406222599165,59.04201598965754,5.446447622627865,0,EE,9,0,0,79.22667537736939,5,6,0
83.63619221601905,74.11224580128865,8.435096332516213,2,CE,4,1,0,63.22300071609322,9,6,0
51.65074413007691,54.35044023410238,7.469070202284644,1,CSE,8,5,1,78.83333700387132,1,5,0
61.35966249548093,70.26669213161833,6.938244027278236,0,CE,6,0,0,42.68610332130921,5,9,0
82.10073136480486,84.02734980028607,8.163559393743004,1,CSE,3,0,1,43.242857640983594,7,9,1
90.28430769592397,65.64071859075419,8.519285458171655,0,ECE,4,2,0,67.43382517717266,6,7,1
73.02548489520498,79.9210276019248,5.021816348251545,0,CSE,2,0,0,72.9773380663621,6,2,0
73.9451068369392,85.79524823553781,5.834765443735994,0,ECE,1,0,0,93.26905842014915,7,0,0
54.82274051028992,91.72300187657537,8.565230253171594,0,ECE,8,2,1,46.27963803447378,6,2,1
70.13355650705546,60.55889368349541,8.331927067891032,0,CSE,1,4,1,89.35887563163337,5,10,1
73.96777699047604,67.96921621141887,9.830237525643387,2,ME,1,4,0,52.60284023752418,10,1,1
60.91117266356284,56.85872059986878,8.805188951253914,0,CSE,4,2,0,63.64501891060191,5,1,0
62.11594539272214,94.6617575971269,9.75386353865669,0,EE,10,3,0,58.996146089644775,9,1,1
66.97778733970802,91.71504355659329,8.512702507674035,0,EE,10,0,0,64.00931637192394,8,4,1
50.903203899997685,74.29807086262518,6.490261043197216,0,ME,6,0,0,49.029729884355135,10,0,0
64.49356245124302,87.89149824693897,5.526824611254282,2,ECE,9,2,1,70.2142044642133,4,9,0
59.51516031484451,73.4431089772419,8.909119316724677,0,ME,1,2,1,88.09855538988204,4,3,1
64.73738084800615,78.06135596012419,8.22074610737958,0,EE,7,3,0,66.49204062273381,10,9,1
55.38929593186631,54.01059944522075,5.240930061966481,1,ME,10,5,0,69.43681455389195,5,4,0
90.07372763329528,83.98716892235635,6.800252329504891,0,CSE,5,4,1,90.92605511687886,3,1,1
76.7116604099322,55.74710676358556,9.78399907742143,0,ME,8,1,1,82.36348687828185,8,4,1
80.55960436150204,87.17304336136377,7.502005728551007,0,ECE,7,5,0,69.42726451118708,7,9,1
85.51270573733022,85.19126394516736,7.163645680098523,0,CSE,4,4,0,55.46173889135078,5,3,1
72.42989895180757,81.89351139843394,7.2884980257964695,4,CE,4,0,0,93.095604810698,10,7,0
53.91141296393407,51.627217123614294,6.044413620025819,1,EE,6,5,0,74.6212241014335,3,0,0
74.16979438183465,63.640776017539785,6.843535854323976,0,EE,6,2,0,53.268856606641606,5,4,1
76.40785031093957,61.84006564598793,6.849066279935883,1,ME,9,3,0,56.14718515828062,3,10,0
83.54477633829485,66.20613833621836,5.261775100937362,0,CSE,5,4,1,88.18798533617476,10,9,1
69.42467958033558,53.943923604372735,8.837838142589591,0,CE,8,3,0,42.648733725247325,5,0,0
55.74111362580037,92.16310203639782,7.082522159519395,0,CSE,5,4,0,99.52553122172921,1,9,1
62.7699157609426,74.92110083205694,9.110899434082118,0,EE,2,5,0,47.821100782887505,6,9,0
66.33870333793858,63.74859397961106,9.251740005599476,0,CSE,6,0,1,87.76411152381624,10,3,1
79.06627585992206,67.86416826834275,6.05997027349329,0,CE,9,1,1,63.68651900630097,4,7,1
75.68502371010104,70.1241143227176,8.286767410850644,2,ME,3,3,0,69.53297099724801,4,0,0
66.02435266540309,77.02674500122778,7.361409020814909,0,ECE,1,3,0,92.83903464787467,8,10,1
94.39318619568408,73.2055742463424,9.400783689607426,0,CSE,1,1,1,64.7746713753528,2,1,1
77.25986687105993,91.37263879464878,6.07870339588227,0,ECE,3,3,0,72.24962522039407,4,0,0
60.675205628119755,72.36335673076236,8.389066001550221,0,EE,10,3,0,42.957979744550194,2,10,1
54.580211267918166,94.64711066704908,8.038760611263612,0,ME,5,4,0,40.14084843204719,1,6,1
56.878661263294944,88.31412309852931,6.476507387859164,0,ME,3,4,0,54.68799238010355,10,1,0
61.06809777730287,59.38297314608011,5.6830045182558635,1,CSE,9,1,0,80.83498557512604,3,0,0
57.23066179668,91.87678465897623,8.258198802386383,0,ME,8,0,1,47.275893601548205,8,5,1
58.39551608230876,55.23648790484643,8.692987290661653,0,CSE,3,5,1,46.82571752827297,6,5,1
62.82928259122312,86.78523688210362,6.57813671881675,0,CSE,9,5,0,64.6576364821542,7,9,1
57.80181178826397,67.1280482064461,8.224163020111568,0,ECE,6,3,1,78.8702223164936,2,1,1
90.35444410818914,89.50884442002813,6.975654538057516,0,ME,7,0,0,82.72431953487583,6,0,1
53.6105185547739,89.06255105483527,8.566034416413089,1,CSE,4,1,0,50.707040445902486,8,9,0
73.60301253066146,86.26664300529295,5.996076374470266,0,ECE,4,1,0,44.775288842322546,8,2,0
68.46785721453477,85.55136963381776,9.451075013180873,0,CE,2,4,1,96.42382203673264,4,9,1
94.20703776088729,63.71056125941183,6.437047982327899,0,ECE,5,3,0,55.639982953726104,6,4,0
55.041750597562356,53.641367737306346,6.8389299387807645,0,ECE,8,2,0,91.20078985652343,5,5,1
67.90350195705838,68.13410804443227,5.290459760401749,0,CSE,7,1,1,91.8094870277691,9,2,0
93.6261694973916,57.80860317439289,5.557561061606382,1,EE,7,3,1,86.35135550575266,8,8,0
88.9478206652291,81.27279900061077,7.579309513561641,0,EE,6,0,1,50.1300163991542,2,10,0
86.76824319271759,65.57448769420034,6.337963383639858,1,EE,3,4,0,89.30808755525203,7,4,0
61.60562721702229,93.90245903869618,9.177401128710972,0,ECE,5,5,0,86.1550335544952,7,1,1
57.68994143255296,78.84374348053994,5.073466943274769,1,CSE,1,0,0,75.80337940637303,1,9,0
80.0889448965994,87.01162536354624,6.89547024335968,0,ME,7,1,0,60.23212211013717,1,5,0
91.82191951074137,55.96361027338318,6.686727733845464,0,ECE,9,1,1,55.75051625599265,4,7,1
75.05433018562684,88.79065170226801,5.096638154588005,0,ECE,1,0,0,47.31335272482154,5,10,0
75.72257102614549,91.52407357310275,5.621841995002551,2,CSE,2,1,0,70.58542401405228,4,5,0
62.59905921471279,71.91778634685211,7.068213374593176,0,CE,3,3,1,75.1156525305908,7,3,1
84.62718199363715,77.28138219879398,7.464322922237233,0,ECE,3,1,0,61.56033943094724,3,5,0
58.41696868508855,84.4164410406348,7.021448736274346,0,CE,8,4,0,68.52154406085211,7,7,1
64.56556563819096,57.867738226718565,7.65468839206047,1,CE,7,3,1,61.810867442156,8,7,1
69.14463973773876,72.61547344085491,7.9756583745284075,0,EE,6,2,1,78.46036343924207,6,9,1
72.84246704080047,67.9398362497541,5.049619105639178,1,CSE,10,1,1,94.0755524677938,6,1,1
60.90843795867861,56.58682964730121,7.32047579726752,0,CE,10,1,0,49.83521572281669,8,7,1
55.167657113264156,66.53904900311892,9.81749620443794,0,CSE,4,4,0,62.8845285941874,8,5,1
77.47790190987347,53.06775392234721,7.5951614006477435,0,EE,9,4,1,48.45211623705168,7,1,1
62.98837489581151,51.16153581272692,8.387711337294766,3,CSE,1,5,0,77.49662622446992,6,0,0
76.15571996401755,56.08248301196703,6.5593192895844155,0,ECE,2,0,0,83.73223056931575,6,5,0
56.946322187339106,93.34018002151282,8.869956890763813,3,CE,4,0,1,95.91476395584735,10,6,1
71.65130458346678,74.72882911527577,8.864607409380575,0,CSE,3,0,0,56.73231557565789,6,9,0
73.96652446482136,93.4619972518949,7.606480238270695,0,ME,1,4,1,97.0126723519258,8,4,1
52.33205915700921,69.46240452485594,9.880069116396069,0,CSE,5,0,0,43.795760309240485,1,9,0
65.14719251872643,64.03172598883668,5.627751073813267,0,CE,7,0,0,76.18083180187529,5,7,0
56.04866046225384,72.77638382781099,5.084738324447905,1,EE,2,2,0,43.4279631605998,3,10,0
52.85187367127455,69.77802598848095,8.850791058785479,3,EE,5,0,1,93.6264512657167,8,8,0
94.54821045754753,54.75491079177848,9.035777686824414,2,CE,6,1,0,71.78854342420325,6,3,1
64.50592302386254,78.83718416105928,5.601036145602881,1,ECE,7,5,0,80.16090104576776,2,6,0
86.44435006345857,59.72171821293198,6.327914164793031,0,ECE,1,4,1,89.89443555462715,7,7,1
61.45882946436937,77.88145797040232,5.087761816833145,0,EE,7,3,1,49.01863734903813,7,5,0
80.66762250007682,79.2590491579169,6.466543053902823,3,EE,4,5,1,42.31549371628803,5,1,0
84.2102536950359,56.84111839078916,8.865709369593358,0,CE,8,2,0,92.73286875477113,8,6,1
76.80374332735299,52.76073321998007,7.589802638562895,1,ECE,4,4,0,58.895993647535946,5,8,0
71.22092848475712,85.1342713730798,6.740477965841441,1,EE,6,4,1,47.73873447562992,1,4,1
68.53284113662708,70.69101906961941,6.858696474531651,0,ECE,9,1,1,68.1076742252252,9,1,1
65.69907199443479,52.61737079774641,5.006768128577341,4,EE,5,5,0,75.89836454176113,4,3,0
91.82881149115217,94.76898427263953,6.499002637826179,0,CSE,4,5,0,41.85823620535061,2,2,1
87.37787335044781,52.6001252448365,8.232293708189653,0,ME,8,0,1,56.49373949542526,4,3,1
93.42621097999307,81.2765852986349,9.870972219081786,0,CSE,9,1,0,41.96799245661376,9,9,1
55.59337505684951,94.26555163685362,9.235304134919497,0,EE,4,0,1,65.22012335172994,2,6,1
82.889036384164,60.763104689716656,5.117974823227645,0,ME,3,0,0,93.70600174397467,4,9,0
92.22532055694671,56.401221590923825,9.492803023374197,0,ME,8,4,0,98.95914468961415,2,7,1
58.155487977454705,55.4623222740093,8.91599206649313,1,EE,5,5,1,78.22285321021765,5,0,1
52.992332031504986,63.6473816405418,8.901880617854902,3,EE,2,0,0,49.69826162707551,3,7,0
83.35042921805265,54.5470614954791,7.289978795017857,0,ECE,10,2,0,94.35096339995835,10,4,1
75.85129009309604,81.14726037623593,6.990026464772514,0,EE,9,2,0,70.97486939200363,2,6,1
87.88229495412224,52.80313091585282,6.514578644165963,2,CE,3,5,0,49.22495872617509,9,10,0
56.289756948183026,72.92399576674053,5.328474294771829,0,EE,2,2,1,95.30360016709969,5,10,0
85.78702903369506,94.85135842338396,6.141176817468495,0,CE,1,4,1,85.44814304338618,10,0,0
59.073229402148506,86.62866212777084,6.233018174890123,0,EE,8,1,1,83.90231636338909,5,1,1
57.3645174289567,77.6848747203955,7.420385348551008,0,ECE,3,3,0,82.55084222766428,1,0,1
57.39196090689468,63.781412935397526,8.73722203298347,0,CE,7,0,0,52.02038926578654,6,4,1
86.6558624104122,78.07531263312373,7.369049141989733,3,CSE,1,3,0,52.66040150245156,7,5,0
79.933874931329,73.71686587602431,5.289222247235803,0,CE,1,1,1,81.2975799056353,1,9,0
73.53794411461037,69.17375227506672,9.78894900494102,0,ECE,9,1,1,53.183365006623816,9,8,1
66.14737178555761,55.881966953308975,9.713621595470562,0,CE,8,4,1,66.32030180818293,8,7,1
89.47402433658988,89.897189685821,8.925947715742042,0,EE,3,2,0,86.92010953563648,8,6,1
67.66002983401859,70.24030919695952,9.956639507821102,0,EE,6,2,0,87.03715108587045,7,4,1
86.74697477622097,58.758013031934425,7.7224116640013145,1,ECE,3,1,0,67.19570635155158,5,2,1
69.76107088565983,66.54917078947804,9.81384175126603,1,ME,4,4,0,87.53139629651471,3,8,1
66.96249932412084,68.63583886380172,5.378025203083753,0,EE,1,4,0,90.3173077718834,9,4,0
70.82059035513228,87.23920530050934,6.828403741306857,2,CSE,5,5,1,79.28654507705562,7,2,1
63.5620043373864,83.0126471252631,6.126906340033829,1,ECE,1,0,0,53.705551138505214,10,2,0
83.64242210793131,84.61872021386029,5.97916542067135,1,CE,1,2,0,56.44070682313285,10,2,0
72.62241755416156,50.49640689928913,5.704014744463381,0,CE,10,1,0,58.89046932452412,8,5,0
60.44957128160678,68.72692991808927,8.112068207829983,0,CSE,7,5,1,47.00824646403712,6,0,1
90.48085579735559,71.66048682358957,8.906609278736525,0,EE,6,3,0,56.389577222196706,5,10,1
67.27510496179451,50.86365245703755,7.891491997101803,0,ECE,2,2,1,52.57115345875192,8,3,0
74.45987875012949,61.69159439352654,5.734813547941048,0,CSE,2,0,1,67.31972498851613,3,7,0
90.7912449934046,84.21304204049608,9.055618849667354,0,EE,7,4,0,94.50625287233589,7,2,1
78.09070981612965,56.169936757804955,8.179773535818642,2,ECE,1,1,1,46.26881900523748,2,4,0
55.26041183187638,74.08895591536663,6.9408285306349775,2,CE,2,2,0,83.21607543684374,3,1,0
92.29244556260639,59.68408424077569,8.370651477680315,2,ECE,8,3,0,81.23698026478766,2,1,1
78.2468623882138,50.5454348589752,6.299524896214164,0,ME,6,0,1,45.74525191980146,5,10,0
65.07075265956888,60.854065591979364,6.725961042471052,0,ECE,2,0,1,95.35434429434801,7,6,0
56.26724326985243,93.91431897095242,9.587429215659952,0,ME,7,5,0,74.10833212940918,10,9,1
85.73113351716333,86.06917003473453,6.452522528357102,0,ECE,4,2,0,61.82353126814105,10,2,1
77.90327401678312,93.18094899444651,7.349941340789683,0,ME,2,3,0,85.3923150097184,1,4,0
74.00574913893448,71.95343197668632,9.450705686980072,0,CE,6,0,0,55.44192750409805,10,2,1
90.2251662372931,54.93812894048766,8.538606751337637,0,EE,9,1,0,81.61059022277922,9,5,1
85.48687450510388,74.65817700381618,5.311016130823514,1,ME,9,0,0,42.38267245433483,1,9,0
56.8253695879738,70.44698005519824,5.736515221394852,0,ME,8,3,0,90.36448225655631,1,2,0
64.02749305079968,87.99606872328272,5.039207953859584,1,CE,3,4,1,66.89025082127911,10,7,1
61.18201129165096,54.413716135291004,8.154608951145818,0,ME,3,4,0,78.2015748614765,8,1,0
83.47758316577045,71.97085116598002,7.238367127052092,0,CSE,2,5,0,53.27426918840102,6,2,0
51.508959563110075,56.752189911229294,5.671374254511377,0,CE,5,2,0,80.62442275950687,6,7,0
75.64503581920924,64.6104167100527,9.789670605283852,0,CSE,4,3,1,86.3344165535966,9,7,1
84.31064085833108,83.18106848245098,7.6482986197280995,0,CE,7,5,0,68.39279121306393,4,0,1
89.45445365427872,71.42081582159449,6.209466470564446,0,ME,4,0,0,77.06361544370766,8,7,0
65.39367869221584,66.91497283155962,7.503017855773537,0,CSE,9,0,0,67.37955542934391,4,9,1
86.95657871024058,67.75143253565159,8.39810166367554,0,ME,2,4,1,93.64548215547073,2,1,1
54.97842816298433,70.6751045782694,5.381196089867823,0,CE,6,5,0,69.87215083085914,8,6,0
88.09035312805332,85.32574447266757,6.37351907523946,2,ME,7,4,1,90.50852254172914,7,5,1
55.736989804939206,90.14381100231054,9.034827454419968,0,CSE,4,1,1,88.08112349621491,4,1,1
67.87792807521653,92.99006089267678,7.2983243520133065,1,CSE,6,4,1,64.6302892809014,9,4,1
85.87829146007991,85.41065238148828,7.732885710161474,0,ME,7,1,1,53.8050695114485,9,6,1
56.74628423069482,64.19331030866057,7.164080011047346,3,ECE,4,0,0,64.36492795358626,8,7,0
60.31631278546887,80.9660617738944,5.219499713215026,1,CE,8,5,0,89.57304254651321,1,2,0
82.50136557768798,69.69214058249264,5.82874889910078,0,CE,9,1,1,53.65795214916354,7,0,0
82.40164414457334,61.4601779920723,7.2277081937094545,0,ME,1,5,0,71.46618075146496,5,6,0
78.85164347983837,87.83922107416652,6.045927327039639,2,ECE,7,5,0,88.36580487764485,7,4,0
81.22768000101951,51.72918570330462,5.249895143298394,0,CSE,9,1,1,61.208648507702726,9,4,1
74.42259995064182,90.57928964609405,9.218248320259118,0,EE,10,2,0,78.53257822016184,2,6,1
61.33095765081288,70.76648590811304,9.90596264582058,0,EE,5,4,0,54.73789444292887,4,0,1
65.55631970767638,78.67406645637261,8.965714369983697,1,ME,2,1,0,46.55676672208959,4,7,0
58.171897256064156,79.67092649926022,9.268924608523335,1,ECE,10,0,0,87.66305350557138,2,9,1
90.88027526001328,90.28029833179414,6.2098856515852265,0,ECE,6,5,1,45.93811740452241,3,4,1
76.25263076447541,78.65013569752433,9.803134877565999,0,CE,7,3,0,56.282883704775074,8,7,0
68.0383137543638,77.62701131420278,5.984628522267142,0,CSE,2,1,0,91.30656531984641,9,9,0
70.79026116398597,52.99934182523105,9.757149051809161,0,ECE,2,4,0,60.78815722472003,6,9,1
92.6277502825317,73.32836098753418,9.974096469829755,4,EE,10,5,1,98.38272097084968,10,4,1
56.90081314022361,56.757605036766876,8.558614028730243,0,CSE,10,2,1,98.7840600864316,2,6,1
76.38034244075587,83.18451959246684,9.90571865895911,0,CSE,1,0,0,56.0965612272134,2,9,0
72.76499054980097,73.04998643657035,7.847698897835518,0,ME,4,2,1,42.45869333499343,7,2,1
77.51544059455915,80.61025006437589,6.297708915880452,1,ECE,7,3,0,82.30379705232275,8,1,1
50.814958271937826,51.87528052710729,7.184979428328104,0,ME,9,1,1,67.05919015890062,8,5,1
89.24557590248682,53.81564072206115,7.96780467689393,0,ECE,3,5,0,46.04517063757458,6,4,0
91.94532271176256,82.2345524628207,5.365407810135075,0,CE,7,1,1,82.45136913868257,10,8,1
75.4309932615144,53.2437951199403,8.111716323086231,0,ME,7,4,0,41.87049454671527,8,9,1
81.34928707446015,53.20655274943664,9.905889183811473,0,ME,7,1,0,92.21180142953452,1,3,1
91.5124721529783,50.54488138556994,5.9505382489186385,0,EE,2,0,0,48.31915174679823,9,10,0
81.82573854410293,93.0425629234766,8.962975581441917,0,ME,6,3,1,47.6387127248035,1,2,1
56.86425693114176,83.1878761756553,9.539493968898096,3,ECE,2,2,0,50.54033787811507,3,8,0
75.93297620750658,65.8963133825929,9.718507964101104,1,EE,6,3,1,97.61598150952399,9,7,1
77.30217708722851,63.344101157944486,9.800678022027236,4,ME,10,5,0,81.59016161523076,5,5,1
69.08588020860736,65.73664533856324,7.60729819360736,0,ME,3,1,0,88.08229212781819,9,0,0
83.13999060311252,84.85940890315318,9.886539539957518,3,CE,2,5,0,63.85809914396518,9,9,0
92.04651566460566,79.76167749816865,8.786551035672193,0,ME,6,2,1,60.178763650297334,6,10,1
91.65058308080494,58.33380055403606,5.808357181184809,0,CSE,2,5,0,54.0690404069902,1,0,0
70.28777171318595,57.8349200900338,7.38450053233985,0,EE,5,4,1,68.83888169874453,10,5,1
55.09571206283399,54.427804237102876,8.59165587686002,0,CSE,2,3,1,73.10972401205011,7,2,1
94.31785395330505,79.71362238656022,6.236701579095417,0,EE,3,2,1,77.90649061916533,6,2,1
87.75041389006704,84.39676979997812,8.203075917744437,0,CE,3,2,0,55.427110239921674,9,5,0
55.60982065414701,61.92708927462518,8.333002395233096,0,ME,6,2,1,96.91924485417944,7,2,1
91.43788471778176,50.942523246391076,5.81349871904283,0,ME,6,0,1,50.18550989242815,4,10,1
89.14533629279578,53.69772503643923,7.8254265622637815,0,ME,10,3,0,97.93919048598474,7,9,1
73.34771257067325,93.55370156802637,8.858134554893038,0,EE,3,5,1,40.891367350450224,2,5,1
76.60739460852182,63.29501498648391,7.49447832267971,0,ME,3,2,0,68.86754150901074,6,4,0
67.95512167415586,84.61504165271602,5.060515583880537,1,CSE,1,3,0,60.00207028699377,6,3,0
52.46427374699141,78.10986059844187,5.045192345396461,1,ME,7,2,0,66.94740483581505,2,7,0
65.08387587406554,67.18728378438031,6.7851467198500615,0,CE,8,4,0,74.23987473884733,4,1,0
86.12840518691051,59.255926798799976,9.63097034215891,0,CSE,2,4,0,66.13534948076254,8,10,1
50.20844103520713,55.46238881717329,6.143383898018044,0,ME,4,4,0,64.89081101809569,8,6,0
65.0074627261015,77.675583561749,8.171818444358436,1,ME,10,1,1,83.9634049247984,8,3,0
67.91759121159245,84.85852012870046,6.110379353466603,0,ECE,7,2,0,81.15257650518788,8,1,1
74.18280213220653,78.97569140935087,6.608349948297743,0,EE,8,1,0,89.99627692215087,1,6,1
91.39350273857423,73.86359599621213,9.24021044800742,0,CSE,1,3,0,54.99753887436974,2,0,1
65.58556974646825,51.88780505442363,8.644307211349734,0,ECE,4,1,0,76.5717105852438,4,3,1
65.61289408533025,93.58199499174728,5.476996386566054,0,CE,6,3,1,75.11168712357123,9,8,1
83.18755616493868,85.94213862445585,7.143510104932168,1,EE,3,3,0,62.184268652361325,3,3,1
70.34980734004132,63.17699165154342,5.145848818226322,0,CSE,5,3,1,69.16345251416085,6,2,1
60.10721703229919,94.09866482114828,7.404450733015045,0,ME,10,5,0,58.82692859834373,7,9,1
70.3597782259712,77.08467153363449,8.312170058505341,1,CSE,9,1,1,48.51066385701911,8,9,1
56.338565917090996,76.20901961932609,5.592513117990758,1,ME,3,5,0,52.828072639763974,7,1,0
57.93741439278005,83.66329307432895,6.444424694545829,0,EE,5,2,0,46.330818784072065,3,2,0
72.42654977327659,86.5296404640562,6.989183127510785,0,ME,8,1,1,80.98417451140745,6,0,1
68.85164522770465,79.54153732991762,9.597655123280248,0,CE,6,2,0,79.64364358654909,5,9,1
91.1680655480645,55.764308586479004,9.966275077114819,3,ME,4,2,1,97.03638229479236,10,7,1
66.30772546024849,65.22203776975243,5.22455649497808,0,CE,8,3,1,83.78070481883448,4,0,1
76.12647576251196,91.76376381467225,8.805039617476961,3,EE,3,1,0,43.12275032536789,1,2,0
78.45189295637887,60.107702532973335,6.858620332011716,0,EE,3,2,0,93.05471043573725,7,2,1
50.589250546475014,66.7475160726881,6.9622909311474,0,CSE,4,4,0,91.76050977674355,8,1,0
79.85918174075198,69.44345973248882,8.771324866735114,0,CE,9,2,1,66.59921924636191,2,4,1
58.01161850913881,69.77322453625035,9.592132160727044,0,CE,5,4,1,75.1517830316753,7,9,1
93.24816428612547,77.58228121225365,9.754642972512741,0,ECE,8,1,0,98.56469994835113,6,2,1
56.68982274889008,92.43841269851184,7.885612930191604,0,ECE,6,5,0,71.93826183088997,5,2,1
68.65808556771607,60.831172032462725,6.785605796502514,0,ECE,3,1,0,94.31930970256539,4,7,0
53.84073506353897,55.46756193354131,8.937745429293896,3,ME,8,5,1,44.98232546861119,2,3,1
94.85934133306763,58.88617204369718,6.255006916311501,0,ECE,9,5,0,51.46311212252097,10,3,0
72.59877546490591,89.91162050941713,7.820370144167589,1,CE,8,1,0,66.44529660647908,6,2,1
76.79232577940198,79.06148656948427,6.792892307624365,0,ME,4,2,1,75.08540850023829,5,10,1
53.01844148247924,62.865805515762204,8.283155368539381,0,EE,6,0,0,88.97367111176801,2,0,0
83.74822116796301,86.71761225358777,6.201994564467535,0,CSE,1,2,0,99.2957269085912,10,7,1
59.44575168930136,88.76164983635462,5.957964728674129,0,ECE,4,2,1,63.33108978844699,7,0,0
90.41244302483213,88.0931452410625,9.591195433377186,3,EE,8,3,1,42.84493816840509,6,6,1
59.231283821690326,91.35169401377995,5.509018414747684,0,CE,1,3,0,88.07029019771949,9,4,1
58.58094742986499,61.35084590780127,7.529789538674658,0,CSE,3,2,0,76.26284314496849,10,3,0
51.64473505316427,83.97688679358252,6.104263914815045,0,EE,1,4,0,51.9125715320921,5,3,0
71.24301252994997,70.7242773773363,5.1946498166283375,0,CSE,9,5,0,69.68970739728522,9,7,0
75.41785099681775,87.88993488005278,5.180094091457132,0,ECE,2,3,1,84.53861473202346,9,10,1
52.95688877427585,82.7820804722726,5.876108860529136,1,CE,9,2,0,86.22470722411862,1,10,0
84.89874275127548,84.94013509248761,9.33385177253,1,CSE,4,0,1,69.97710471992572,5,5,1
70.39799756366125,79.52728269564821,6.4123937198851335,0,EE,2,4,1,58.31287180773155,9,0,1
73.5975621197411,57.98429462613681,9.752295852876479,0,ECE,4,1,0,98.42455492230961,7,9,0
69.83432361222026,74.52621135036222,7.908111464945968,0,ECE,10,2,0,79.80175665738957,6,7,1
68.03433773938967,94.31013827860286,7.183070948843831,0,EE,6,2,0,64.49425116077792,6,1,1
75.1838149088698,92.18246299237035,7.900444173347273,0,EE,7,5,1,56.827793452279145,7,5,1
56.985811066882064,51.942818110865524,7.583491926131339,0,CSE,3,4,1,83.86617898021373,1,8,0
58.1867658722872,57.416666707824675,8.793881268786626,0,ME,3,3,0,54.531006735626065,4,0,1
88.78035294560829,55.927794805455285,6.412480329864261,0,ECE,10,3,1,50.30259933842129,1,5,0
92.57519579601347,82.6690959493383,6.765251958001512,0,CSE,8,3,0,71.79003333772422,6,7,1
66.79891923258889,86.80033984356253,9.470471512666254,0,EE,5,1,1,57.39924355864851,4,9,1
62.18351029145992,59.608011483980235,9.732282565752026,0,CSE,4,4,0,77.7343086954169,1,1,1
78.9799794457557,72.7633711828323,9.462791137432372,0,EE,7,4,0,47.07632049245401,9,4,1
68.39303769941434,87.831636260504,7.097239969786568,1,CE,7,3,1,79.29646627403929,4,5,1
51.14238600471552,82.97606951448128,8.901827515034409,0,EE,9,3,0,56.99779167986213,6,4,1
57.02686688147857,74.40067424713317,7.381678666505493,0,EE,9,5,0,40.01457606607077,7,2,1
82.21875029813289,76.56564607064479,7.487699260730511,0,EE,5,0,0,47.61616346045058,8,3,0
79.65157738595681,72.8762246112326,6.023400545286419,2,ME,8,0,0,96.01692267010564,9,6,0
51.21931966265676,63.38968030934693,7.9556515162925825,0,EE,10,2,0,92.04127834692147,9,3,1
59.98874728698273,75.42598967865572,5.93067948876674,0,ECE,1,2,1,54.01654192217421,8,8,0
60.398365846463214,80.99983859225408,6.657823495335968,0,ECE,9,4,0,86.70231427272947,10,10,1
80.23517346194278,89.29953121373634,9.275151008099677,1,CSE,8,4,0,76.51429559043845,3,9,1
50.88697419894639,78.63311092906616,6.035379046054276,3,ME,6,1,1,98.25428268699217,2,1,0
54.68488618930582,84.25046916694211,5.355791425867164,0,CSE,3,1,0,62.41633957204355,5,4,0
85.99622384179352,57.203223572955785,5.345037963064081,2,ECE,3,0,0,80.88763675103027,1,7,0
58.034509792445014,70.77008634889054,9.70392260251554,3,ECE,8,2,1,43.81214334543512,3,4,0
79.37357485333436,50.4199228922192,7.534602189809173,2,CE,5,0,1,63.77484080898436,1,9,0
60.71822514710269,61.10054890347304,7.0470603590850915,0,EE,10,0,1,97.82905967129082,3,7,1
54.47486267417053,82.69077718008522,9.054392905039592,0,ECE,7,2,1,72.33885246700723,4,7,1
60.942748594975434,94.63144781072135,9.179129639552581,0,CSE,5,1,0,57.272770200090676,7,8,1
82.50201193350466,54.463014481424715,6.660955165578023,1,CSE,8,5,1,47.216257787716415,5,9,1
88.50634106478286,68.06724421375797,8.468090287368977,0,EE,10,5,0,82.21170041089182,5,5,1
87.35989390551462,86.00319359146218,8.855614079259432,0,EE,10,5,1,78.69136260578361,1,3,1
67.87325883283046,59.18160355830045,8.273253434329773,0,CE,4,2,0,62.43632281622648,8,10,0
80.06383114567907,74.97882271860288,5.757975374000496,1,ME,2,3,1,97.05648111195006,4,2,0
59.224293293711945,82.98820832133536,9.379415417585285,1,CSE,3,3,1,41.33216877927102,10,4,0
63.191647861745594,77.71934526170806,7.695472763680043,0,EE,8,3,1,58.22343109790955,5,5,0
90.33511183345038,58.46111305769372,6.412362131850019,1,CSE,7,4,0,95.26416917797488,2,2,1
50.585086557983125,65.99230559085828,7.1261409271884695,0,EE,2,1,0,59.256126299166425,1,1,0
53.847883888451065,85.27063030184287,5.187855451994537,1,ECE,6,1,1,55.135170031310224,9,6,0
59.354881481571226,74.94019313594075,5.639334006112088,0,CSE,9,4,1,72.05322459587484,2,10,1
51.19394917432189,50.235332609431076,8.827733752579304,0,ECE,4,0,0,89.42810499523227,6,4,0
58.16459457904088,84.24458420126422,5.00005817377683,2,CSE,9,5,1,46.18880565270166,1,8,0
76.23687024363615,51.58901097231076,7.082829142411461,0,ME,2,3,1,96.58124257874417,1,2,0
68.96410477666241,83.55802022290544,7.612550905427942,1,CE,2,5,0,87.70437287086983,9,7,1
90.17022699846387,59.11162520743568,5.273172100004862,0,ECE,9,3,1,50.87501533309312,4,5,1
86.78496027822985,93.11330660537212,9.865390814861664,0,EE,7,5,0,82.72047767188977,9,3,1
65.38178082640442,66.5573338085938,6.13062665624836,0,ME,7,0,0,63.097523358253426,5,8,0
61.67405450440816,64.71192273521356,6.520993598181404,0,CSE,1,5,0,64.13768068457912,7,4,0
67.086158367527,56.69996226496001,6.519712561275137,0,ECE,6,5,0,86.99740554633198,1,9,0
76.56327241316635,63.75218969705967,6.152083310586749,0,CSE,7,2,1,97.76708847884393,6,5,1
62.06286383702943,89.44928428226902,5.007369110431557,0,CSE,6,5,0,47.59935237083164,8,8,1
78.08670085321103,94.83504519322614,8.646723970439982,0,CSE,6,2,1,65.23781421272916,1,6,1
68.42352434860582,66.57392887280818,9.834227498996427,3,CE,2,1,1,68.85649648505822,9,4,0
74.8421231383391,70.18747839295442,6.121467416425226,3,CE,6,4,1,62.57870901729986,3,1,0
69.62569381108925,82.49319221912316,8.315235959017112,0,EE,4,5,0,61.7913474229735,1,3,1
63.2509591793863,89.87881012092836,8.709481634793576,1,ECE,9,1,1,43.13612005369579,1,1,1
92.68039881329705,76.68699503840529,9.242126895452625,0,ME,1,2,0,81.13231723375739,6,2,1
84.36226073718925,67.61865641800232,7.113145985068046,0,ME,8,5,0,66.17286502720272,6,9,0
56.30509290949036,68.56798283818807,6.514654528202146,1,ME,5,5,0,51.687628158635604,1,2,0
89.08105891540608,81.30281659235631,6.6264756701151555,3,CSE,1,0,0,88.9620101381241,3,3,0
71.93440392122811,50.14482186219254,8.563106665492564,0,CE,4,1,1,88.15364488909768,7,5,1
90.25485021023411,77.88152018569284,9.083897332528181,1,ECE,1,3,0,69.18349768533363,10,2,0
85.99348651762918,65.99718546986108,5.908069838783013,0,CSE,6,3,1,57.907039668865636,3,9,1
69.1346077011155,85.7388799074688,6.854705040788826,4,CE,2,0,0,78.28556354778715,3,0,0
51.011118874405284,54.184578792040945,9.50970098374575,0,CE,5,2,0,57.28912814664419,3,0,1
62.09048117232257,76.46910201267758,9.033467598473695,0,ECE,7,3,1,54.16047581942272,7,8,1
74.37353965973901,71.64378004487557,9.92429201381238,0,ECE,2,3,1,83.8308792415796,4,8,1
78.50651989217663,78.90464866573524,8.771241298410404,0,ECE,6,4,0,42.419514383257045,4,4,1
61.604945844494104,52.91841175173357,6.965976005139611,0,CSE,6,1,0,45.686108262075635,3,8,0
56.271023333277085,76.0992704342659,7.953189169973189,3,EE,5,2,0,40.407290441415384,10,10,0
87.57186065596846,75.26680645817856,8.305071271236601,0,ECE,5,5,0,49.17659118852557,9,6,1
94.29809813165986,75.2297042487277,5.392279081585619,0,EE,3,1,1,44.13940052262757,2,8,1
73.65605820362086,77.15694499684047,7.722484795519326,0,CSE,10,2,1,99.74814206679511,4,6,1
57.72556786317366,80.4410571751863,8.546604142363048,0,EE,10,3,0,57.32859819724538,8,8,1
62.2538296933716,86.22450498563464,5.836606520005302,0,ME,2,4,1,48.95608076015483,6,1,0
50.827580444636006,62.141932405769644,8.903158587127786,0,EE,7,1,0,54.45977547975508,7,10,0
91.14344629522245,87.12722345810279,7.918863902570559,0,ECE,1,3,0,96.16753429240808,7,10,0
55.29879873005635,72.42150570185541,9.761108928487973,0,CSE,6,2,0,71.20961338146374,2,7,1
75.94324139814141,53.467622561044905,5.212111491034459,0,ECE,6,1,1,61.88908577847141,4,6,0
62.33248493092427,52.634791815979064,6.326630687777335,1,ME,3,5,0,92.40348747455316,10,5,0
74.93801011321071,65.04072434132274,8.007769396499121,2,ECE,2,1,0,63.69941623294195,10,4,0
79.31391747583389,85.32036397001605,6.482799561029653,0,ECE,2,3,0,60.10051419746175,6,3,0
87.33838116682406,81.84564206334122,8.572120820356211,0,ECE,9,1,0,52.43695135298413,3,6,1
59.288957229227144,85.48767341025828,8.795026412609655,0,CE,5,5,1,62.66780943456469,9,2,1
50.494812289631625,73.27710753987242,5.512579820332372,0,ME,7,4,0,59.00106136101556,4,7,0
56.159853353096324,69.80895490799708,7.569272321033838,0,ECE,5,4,0,80.63823755788846,10,1,0
90.50083888316473,56.63536370178278,7.5444527779552795,0,ECE,7,3,1,57.37496228024362,2,0,1
89.3250534903132,64.76867391241902,6.846403851077705,0,ECE,4,2,1,74.6319847853537,6,10,0
76.88358959766387,69.53087147782439,9.66462431284836,0,CSE,8,3,1,43.953529901918365,1,1,1
77.0232587195144,53.98701933558277,9.137531599366106,0,CE,10,4,0,51.47734940179086,6,8,1
79.9266503545815,59.92753787200451,8.486046909548184,1,CSE,10,0,0,64.44431629668092,10,4,1
57.89170753805523,76.92013823286825,8.571633178674988,3,CE,7,0,0,96.21695523452172,1,10,0
91.14853756662319,83.10484014076354,7.308580719065596,0,ECE,10,1,0,62.635119142941726,8,7,1
68.84467362014328,94.92563801268273,9.604972605482878,0,ME,5,5,1,79.84444727199005,5,2,1
67.24123377122739,91.99009991046009,8.472977136266426,2,EE,6,1,0,55.30523334528389,6,6,0
73.3512967377277,78.91543397908362,8.644905308279082,2,EE,5,0,0,47.6220145583939,2,1,0
52.113468504877474,68.95616239823323,9.308454518936726,0,ECE,7,4,0,43.51219600480301,2,7,1
57.482751594023576,78.62798141187048,6.370357946710955,0,CSE,2,1,0,58.32480991256508,9,6,0
83.21151273918667,85.35432281361044,9.035354519333515,0,ME,5,3,1,49.45966160781448,3,4,1
53.72594005663069,55.32512859155243,5.9762030147824605,0,CE,10,5,0,50.44062688096745,6,10,0
77.14184492598747,68.44572003633297,6.7267097612244395,0,ECE,3,3,0,85.645558503217,10,3,0
61.04070993565944,87.79110285360278,6.678052271349213,0,ME,9,5,0,40.950284256692456,5,0,1
67.51830263188894,67.27248283698698,9.892627341945703,0,ME,6,4,0,73.46860754412606,4,4,1
62.99121815468149,75.7342522052234,9.282686118739633,0,CE,10,1,0,62.767682835607886,10,8,1
66.00527224092271,76.44962123879893,8.505849307951298,1,ME,3,5,1,70.39299999451283,2,9,1
82.35706573329105,58.30143139101377,8.63528380807695,0,CSE,7,3,0,73.76981423287617,8,3,1
63.370477203042874,66.30059487435298,7.810363972012855,0,CSE,4,1,1,58.80206166743669,10,8,1
75.48820881336037,65.05300799338694,9.735453335542594,0,CSE,3,1,1,57.706531611057116,7,1,1
71.42226809895948,51.17885188394292,7.481293764411808,0,ME,8,3,1,84.00411096009435,2,3,1
79.86520244131917,51.08862937511098,6.902588549349472,3,CSE,4,0,1,92.27661928726943,6,8,0
92.15733826961412,87.42636696540981,5.815176684657955,0,CE,1,5,0,51.55489794751168,8,3,0
82.96574437446127,62.28818644877656,8.93102826130529,0,ME,6,3,0,45.85712563210894,7,4,1
59.672317036584055,73.3135444807467,8.672219660377957,1,EE,10,4,0,93.86774838352156,1,10,1
51.40324107775781,63.44265081149479,6.921775192620674,0,ME,1,2,1,60.99372781884392,5,7,0
61.80188199349213,92.33056603019033,5.125967069796147,2,CE,5,3,1,73.07904343976885,2,0,0
76.77850688151148,61.66835414895982,9.194986638590054,0,EE,7,1,1,61.57258867120021,6,0,0
52.31416160679127,69.33455657325209,5.0570899172703685,0,ME,6,1,0,47.54814018076308,7,8,0
72.33648112405564,89.27286127180707,8.518498898145255,0,CSE,2,3,1,75.35989869686368,7,8,1
76.85792820126002,87.8870105056314,9.851285548630285,0,ECE,4,2,0,71.50845110617777,3,3,1
65.04097508676324,58.37456380308248,7.188306640741017,1,ECE,2,3,0,52.17961355147183,7,1,0
84.69104916856199,86.11894894080697,6.174867024979764,1,CSE,1,2,0,67.11214267913667,5,8,0
54.79692139101973,70.61840990320516,8.524355050216908,0,ECE,3,2,0,87.81685024093875,8,3,1
53.38120017811139,71.73359924384098,9.085640710077925,0,ECE,3,4,0,75.42556618647347,8,5,1
82.76849402916216,56.00659875871747,7.732151580389237,1,CSE,7,5,0,45.81503962401969,7,0,0
72.29710922927893,53.62706811907061,9.835176376280732,3,CSE,1,1,0,72.8812898337481,6,8,1
80.97810783924812,82.75726881381944,5.258343608289805,0,ME,9,1,1,82.16429795737521,2,4,0
69.56723023716859,72.34075185598849,7.52397799152264,0,ME,6,2,1,87.56220434684508,6,2,1
61.088091495759805,69.65828161768309,8.59226973661275,0,CSE,4,1,1,77.747054718056,9,3,0
86.85960429533898,82.82787028935786,9.313202355745894,2,CE,3,0,0,49.159489872447026,2,0,0
85.97371455360407,84.44808045459993,5.89627805953895,0,ECE,3,2,1,82.61039599540965,1,8,0
81.26134118844921,57.15086754512091,9.000017408818408,0,ME,2,1,1,80.64051076489099,5,7,1
62.24653117534832,77.46013172649386,7.763535378592726,1,ECE,2,0,0,41.465612976437995,6,3,0
76.56038000910891,56.090933702495846,6.982768409949816,0,EE,10,4,0,64.7048600554146,3,1,1
66.24382536230121,83.81187887130706,5.658575142895468,0,CSE,5,1,0,59.9770148177424,8,8,0
54.12119329969854,79.56298203202128,9.326478794544563,0,CE,9,0,0,80.1647238552186,7,3,1
91.27911089580093,93.04765794875561,5.786366040898577,0,EE,2,3,1,52.968148738655245,2,8,1
56.15683839135326,53.10311073603896,6.548939296045496,0,EE,2,5,1,75.45231537845551,7,9,0
92.76068092193611,52.56746245180644,6.450227659812184,0,EE,6,3,0,94.79235770885035,1,2,1
70.07025978310801,62.69841836119401,9.357070170954271,0,CSE,10,0,1,87.86814233251647,9,6,1
